,Name,Description,Clan,Generation,Link
0,agatha of maidstone,"agatha of maidstone, 6th generation tzimisce. sire of jack.[3]",tzimisce,6,https://whitewolf.fandom.com/wiki/Minor_characters_in_WoD#A
1,agoston le jeune,"agoston le jeune, 6th generation tzimisce. sire of jehan du pleaux.[4]",tzimisce,6,https://whitewolf.fandom.com/wiki/Minor_characters_in_WoD#A
2,ahjan shakkar,"ahjan shakkar, 6th generation nosferatu. childe of angiwar.[5]",nosferatu,6,https://whitewolf.fandom.com/wiki/Minor_characters_in_WoD#A
3,ahmed iii,"ahmed iii, ottoman sultan and galeb bazory's father[6]",,,https://whitewolf.fandom.com/wiki/Minor_characters_in_WoD#A
4,eberlin albertzen,"eberlin albertzen, eighth generation brujah and albertus magnus's childer[7]",brujah,8,https://whitewolf.fandom.com/wiki/Minor_characters_in_WoD#A
5,alcaraz,"alcaraz, sabbat lasombra and a member of cardinal ambrosio luis monçada's elite household legion[8]",lasombra,,https://whitewolf.fandom.com/wiki/Minor_characters_in_WoD#A
6,aleksy,"aleksy, software engineer from prague; died during failed embrace by vera[9]",,,https://whitewolf.fandom.com/wiki/Minor_characters_in_WoD#A
7,alex,"alex, a kindred of the player coterie, missing during the conventicle alchemie.[10]",,,https://whitewolf.fandom.com/wiki/Minor_characters_in_WoD#A
8,alexander hildebrant,"alexander hildebrant, the late partner of asano hiromitsu and grandfather of günter hildebrant.",,,https://whitewolf.fandom.com/wiki/Minor_characters_in_WoD#A
9,aliana broken-heart,"aliana broken-heart, a children of gaia and voice of the goddess who chose nelson chang as arm of the goddess.[11][12]",,,https://whitewolf.fandom.com/wiki/Minor_characters_in_WoD#A
10,alvina,"alvina, mortal teenager and best friend of zhavon[1]",,,https://whitewolf.fandom.com/wiki/Minor_characters_in_WoD#A
11,emily anastas,"emily anastas, toreador and romantic partner of alan chang. she hosts after hour decadent parties at the vaults, in london.[13]",toreador,,https://whitewolf.fandom.com/wiki/Minor_characters_in_WoD#A
12,father alvito,"father alvito, a member of the society of jesus who taught alberto tomba how to make books.[14]",,,https://whitewolf.fandom.com/wiki/Minor_characters_in_WoD#A
13,angela,"angela, enforcer under the employ of elena giovanni of venice[15]",giovanni,,https://whitewolf.fandom.com/wiki/Minor_characters_in_WoD#A
14,angela batsakis,"angela batsakis, a mortal candidate for sharon's embrace in 1990.",,,https://whitewolf.fandom.com/wiki/Minor_characters_in_WoD#A
15,angelique,"angelique, kindred lover of catherine montague[13]",,,https://whitewolf.fandom.com/wiki/Minor_characters_in_WoD#A
16,angelique,"angelique, mortal teenager and friend of zhavon[1]",,,https://whitewolf.fandom.com/wiki/Minor_characters_in_WoD#A
17,angus,"angus, the childe of prince lawrence westfield[7]",,,https://whitewolf.fandom.com/wiki/Minor_characters_in_WoD#A
18,anji,"anji, seventh generation banu haqim and sire of archon hafsa",banu haqim,7,https://whitewolf.fandom.com/wiki/Minor_characters_in_WoD#A
19,antonio de figio,"antonio de figio, 6th generation baali. sire of giotto verducci.[16]",,6,https://whitewolf.fandom.com/wiki/Minor_characters_in_WoD#A
20,ludwig aufenanger,"ludwig aufenanger, ninth generation tremere and childe of the infamous heinrich himmler.[17]",tremere,9,https://whitewolf.fandom.com/wiki/Minor_characters_in_WoD#A
21,aurelia,"aurelia, roman mortal and sister of arcadius augustus[13]",,,https://whitewolf.fandom.com/wiki/Minor_characters_in_WoD#A
22,austin “bruce” conner,"austin “bruce” conner, a garou from legends of the garou: the tale of my passage.[18][19]",,,https://whitewolf.fandom.com/wiki/Minor_characters_in_WoD#A
23,baldric the dogsbody,"baldric the dogsbody, eighth generation malkavian and sire of adolph nonesuch[20]",malkavian,8,https://whitewolf.fandom.com/wiki/Minor_characters_in_WoD#B
24,adele baptiste,"adele baptiste, a victim of kindred criminal activity in port-au-prince.[7]",,,https://whitewolf.fandom.com/wiki/Minor_characters_in_WoD#B
25,jane barns,"jane barns, ghoul agent of the powerful nosferatu richard de worde[13]",nosferatu,,https://whitewolf.fandom.com/wiki/Minor_characters_in_WoD#B
26,basil,"basil, tremere and childe of madeline coventry",tremere,,https://whitewolf.fandom.com/wiki/Minor_characters_in_WoD#B
27,belkin,"belkin, deceased parkourer of prague[9]",,,https://whitewolf.fandom.com/wiki/Minor_characters_in_WoD#B
28,rebecca belmont,"rebecca belmont, ninth generation malkavian and sire of eliza villanova[21]",malkavian,9,https://whitewolf.fandom.com/wiki/Minor_characters_in_WoD#B
29,benoa,"benoa, 6th generation assamite vizier and sire of umar al-rashid.[22]",assamite,6,https://whitewolf.fandom.com/wiki/Minor_characters_in_WoD#B
30,bernard,"bernard, 6th generation toreador. sire of chevalier d'eglantine.[23]",toreador,6,https://whitewolf.fandom.com/wiki/Minor_characters_in_WoD#B
31,bobby blaine,"bobby blaine, small-time brujah crime lord in los angeles. killed by baron victor temple in 2018",brujah,,https://whitewolf.fandom.com/wiki/Minor_characters_in_WoD#B
32,irving boldger,"irving boldger, eighth generation ventrue and the sire of jochen van nuys[24]",,8,https://whitewolf.fandom.com/wiki/Minor_characters_in_WoD#B
33,grandfather boruta,"grandfather boruta, fine dining chef and restaurant owner in prague.[9]",,,https://whitewolf.fandom.com/wiki/Minor_characters_in_WoD#B
34,paulie boyle,"paulie boyle, mortal murdered by the brujah nino donelli in 1996[25]",brujah,,https://whitewolf.fandom.com/wiki/Minor_characters_in_WoD#B
35,jacob bragg,"jacob bragg, brujah antitribu[26]",brujah,,https://whitewolf.fandom.com/wiki/Minor_characters_in_WoD#B
36,connor buchan,"connor buchan, ghoul and occult apprentice of abraham mellon. he lacks in academic greatness but serves loyally as a servant.[13]",,,https://whitewolf.fandom.com/wiki/Minor_characters_in_WoD#B
37,bulvia,"bulvia, 6th generation ventrue and the sire of einhard.[27]",,6,https://whitewolf.fandom.com/wiki/Minor_characters_in_WoD#B
38,caecus,"caecus, seventh generation nosferatu and the childe of the powerful mnemach[28]",nosferatu,7,https://whitewolf.fandom.com/wiki/Minor_characters_in_WoD#C
39,aloisius cahill,"aloisius cahill, a black brujah, lieutenant of wellesley[29]",brujah,,https://whitewolf.fandom.com/wiki/Minor_characters_in_WoD#C
40,caius tadius lupus,"caius tadius lupus, 6th generation gangrel. sire of aethelwulf.[30]",gangrel,6,https://whitewolf.fandom.com/wiki/Minor_characters_in_WoD#C
41,carabao,"carabao, owner of the frosted glass, an upscale art gallery in new york",,,https://whitewolf.fandom.com/wiki/Minor_characters_in_WoD#C
42,antonius caracus,"antonius caracus, fifth generation brujah. sire of don caravelli, prince of sicily.",brujah,5,https://whitewolf.fandom.com/wiki/Minor_characters_in_WoD#C
43,james carluccio,"james carluccio, mortal from washington, d.c.[7]",,,https://whitewolf.fandom.com/wiki/Minor_characters_in_WoD#C
44,carol,"carol, mortal reporter in berlin[31]",,,https://whitewolf.fandom.com/wiki/Minor_characters_in_WoD#C
45,cassady,"cassady, 6th generation brujah. sire of perry commons.[32]",brujah,6,https://whitewolf.fandom.com/wiki/Minor_characters_in_WoD#C
46,"mathieu cassel,","mathieu cassel, kindred black-market antiquities dealer",,,https://whitewolf.fandom.com/wiki/Minor_characters_in_WoD#C
47,catherine,"catherine, secretary of the ventrue samuel armstrong.",,,https://whitewolf.fandom.com/wiki/Minor_characters_in_WoD#C
48,eve cavanant,"eve cavanant, sixth generation tremere; embraced luna demian in 1760[33]",tremere,6,https://whitewolf.fandom.com/wiki/Minor_characters_in_WoD#C
49,rose chandler,"rose chandler, eighth generation tremere and the childe of andre mallotte",tremere,8,https://whitewolf.fandom.com/wiki/Minor_characters_in_WoD#C
50,alan chang,"alan chang, nosferatu and romantic partner of emily anastas, with whom he hosts after-hour decadent parties at the vaults, in london.[13]",nosferatu,,https://whitewolf.fandom.com/wiki/Minor_characters_in_WoD#C
51,aimery le chansonneur,"aimery le chansonneur, toreador of the middle ages and the impulsive youngest childe of crepin de beaumont. he was destroyed during a fight with cathars.[34]",toreador,,https://whitewolf.fandom.com/wiki/Minor_characters_in_WoD#C
52,thylane chapman,"thylane chapman, a ministry gold-digger, who spoke about her former toreador paramour.[35]",ministry,,https://whitewolf.fandom.com/wiki/Minor_characters_in_WoD#C
53,charlemagne,"charlemagne, seventh generation ventrue and sire of prince benedic",,7,https://whitewolf.fandom.com/wiki/Minor_characters_in_WoD#C
54,charles of poitiers,"charles of poitiers, sixth generation toreador. sire of melusine d'anjou.[36]",toreador,6,https://whitewolf.fandom.com/wiki/Minor_characters_in_WoD#C
55,"charles steffan pershing, “blood-at-dusk”","charles steffan pershing, “blood-at-dusk”, a children of gaia philodox from legends of the garou: the tale of my passage.[37][38]",,,https://whitewolf.fandom.com/wiki/Minor_characters_in_WoD#C
56,celine chevalier,"celine chevalier, eleventh generation ministry and sire of aristide demiana[2]",ministry,11,https://whitewolf.fandom.com/wiki/Minor_characters_in_WoD#C
57,sarah chou,"sarah chou, agent of the second inquisition, taking part in operation antigen.[13]",,2,https://whitewolf.fandom.com/wiki/Minor_characters_in_WoD#C
58,chupkheem,"chupkheem, a homid wendigo theurge from the past.[39][40]",,,https://whitewolf.fandom.com/wiki/Minor_characters_in_WoD#C
59,father clarence,"father clarence, seventh generation malkavian and sire of willum timothy",malkavian,7,https://whitewolf.fandom.com/wiki/Minor_characters_in_WoD#C
60,clay,"clay, musician and thin-blooded alchemist from los angeles. killed by baron victor temple in 2018",,,https://whitewolf.fandom.com/wiki/Minor_characters_in_WoD#C
61,des coates,"des coates, parisian expatriate from the domain of françois villon.[41]",,,https://whitewolf.fandom.com/wiki/Minor_characters_in_WoD#C
62,razi clark,"razi clark, a gangrel police officer, who romanced a tremere[35]",gangrel,,https://whitewolf.fandom.com/wiki/Minor_characters_in_WoD#C
63,consuela,"consuela, new york anarch; member of richter's coterie",,,https://whitewolf.fandom.com/wiki/Minor_characters_in_WoD#C
64,contillio,"contillio, eighth generation italian ventrue and the sire of karen chartry[42]",,8,https://whitewolf.fandom.com/wiki/Minor_characters_in_WoD#C
65,frances gibson copplewhite,"frances gibson copplewhite, also known as the butcher of leicestershire is a malkavian serial killer of the victorian age era, operating around leicester.[41]",malkavian,,https://whitewolf.fandom.com/wiki/Minor_characters_in_WoD#C
66,cornelius,"cornelius, 4th generation tremere. sire of ignatius.[43]",tremere,4,https://whitewolf.fandom.com/wiki/Minor_characters_in_WoD#C
67,costello,"costello, sabbat lasombra and a lieutenant of archbishop francisco domingo de polonia; served as a commander in the siege of atlanta[8]",lasombra,,https://whitewolf.fandom.com/wiki/Minor_characters_in_WoD#C
68,cristo,"cristo, the nosferatu sire of petrodon",nosferatu,,https://whitewolf.fandom.com/wiki/Minor_characters_in_WoD#C
69,erasmo casimiro alonso de curcio,"erasmo casimiro alonso de curcio, 6th generation lasombra and the sire of basilio the elder.[44]",lasombra,6,https://whitewolf.fandom.com/wiki/Minor_characters_in_WoD#C
70,paolo da carrara,"paolo da carrara, a lasombra businessman, who claims the lasombra are the best lovers among the kindred.[35]",lasombra,,https://whitewolf.fandom.com/wiki/Minor_characters_in_WoD#D
71,dajuste,"mr. dajuste, eleventh generation hecata of the samedi bloodline and sire of bastian ducasse[47]",hecata,11,https://whitewolf.fandom.com/wiki/Minor_characters_in_WoD#D
72,daphne,"daphne, tremere and eldest childe of prince annabelle[48]",tremere,,https://whitewolf.fandom.com/wiki/Minor_characters_in_WoD#D
73,dark cavern-talker,"dark cavern-talker, a theurge lupus garou from legends of the garou: the tale of the mai-coh.[49][50]",,,https://whitewolf.fandom.com/wiki/Minor_characters_in_WoD#D
74,vanessa reese davenport,"vanessa reese davenport, setite of the victorian age[41][6]",,,https://whitewolf.fandom.com/wiki/Minor_characters_in_WoD#D
75,desmond,"desmond, sabbat vampire who participated in the firedance under hardin[8]",,,https://whitewolf.fandom.com/wiki/Minor_characters_in_WoD#D
76,deforest,"deforest, ninth generation toreador. childe of michael payne, destroyed.[51]",toreador,9,https://whitewolf.fandom.com/wiki/Minor_characters_in_WoD#D
77,dexicos,"dexicos, a vampire ally of the methuselah zarathustra.[52]",,,https://whitewolf.fandom.com/wiki/Minor_characters_in_WoD#D
78,henri d'inviliers,"henri d'inviliers, french malkavian of the victorian era; feeds upon impoverished people in his domain.[41]",malkavian,,https://whitewolf.fandom.com/wiki/Minor_characters_in_WoD#D
79,dikranouhi,"dikranouhi, eighth generation banu haqim of the line of sha'hiri; sire of sargis and childe of aila[53]",banu haqim,8,https://whitewolf.fandom.com/wiki/Minor_characters_in_WoD#D
80,jimmy dunn,"jimmy dunn, sabbat vampire[54]",,,https://whitewolf.fandom.com/wiki/Minor_characters_in_WoD#D
81,alicia durant,"alicia durant, a ventrue lieutenant of wellesley[29]",,,https://whitewolf.fandom.com/wiki/Minor_characters_in_WoD#D
82,cornelius eckhart,"cornelius eckhart, a european-born tremere who rose to the head of the new york chantry after the final death of eleanor van hasen[55]",tremere,,https://whitewolf.fandom.com/wiki/Minor_characters_in_WoD#E
83,hilda edelwood,hilda edelwood is a sixth or seventh generation nosferatu and sire of the powerful richard de worde,nosferatu,6,https://whitewolf.fandom.com/wiki/Minor_characters_in_WoD#E
84,eddie,"eddie, vampire pack mate of ramona from los angeles; killed by a werewolf in texas[1]",,,https://whitewolf.fandom.com/wiki/Minor_characters_in_WoD#E
85,effendi,"effendi, kindred in prince warburton domain during the victorian age.[41]",,,https://whitewolf.fandom.com/wiki/Minor_characters_in_WoD#E
86,elias,"elias, soldier of the entity special operations group[9]",,,https://whitewolf.fandom.com/wiki/Minor_characters_in_WoD#E
87,elliot praxton,"elliot praxton, a ventrue founder of the pony express.",,,https://whitewolf.fandom.com/wiki/Minor_characters_in_WoD#E
88,elonzo,"elonzo, sixth generation toreador. sire of masdela.[56]",toreador,6,https://whitewolf.fandom.com/wiki/Minor_characters_in_WoD#E
89,endymion,"endymion, gangrel ancilla of the victorian age[41]",gangrel,,https://whitewolf.fandom.com/wiki/Minor_characters_in_WoD#E
90,enzo,"enzo, mortal minion of the hecata tommaso giovanni[15]",hecata,,https://whitewolf.fandom.com/wiki/Minor_characters_in_WoD#E
91,esoara,"esoara, ninth generation tremere and childe of curaferrum[57]",tremere,9,https://whitewolf.fandom.com/wiki/Minor_characters_in_WoD#E
92,ethrica,"ethrica, eleventh generation brujah and sire of gengis",brujah,11,https://whitewolf.fandom.com/wiki/Minor_characters_in_WoD#E
93,heinz eulau,"heinz eulau, sixth generation ventrue and childe of hardestadt the elder",,6,https://whitewolf.fandom.com/wiki/Minor_characters_in_WoD#E
94,evette,"evette, minister from new york and subordinate of simone.",,,https://whitewolf.fandom.com/wiki/Minor_characters_in_WoD#E
95,line falk,"line falk, a salubri thief, who spoke about romancing a crazy malkavian.[35]",salubri,,https://whitewolf.fandom.com/wiki/Minor_characters_in_WoD#F
96,federico,"federico, lead enforcer of the hecata elena giovanni[15]",hecata,,https://whitewolf.fandom.com/wiki/Minor_characters_in_WoD#F
97,ferdinand,"ferdinand, eighth generation brujah and sire of salvador garcia; destroyed during the spanish civil war[58]",brujah,8,https://whitewolf.fandom.com/wiki/Minor_characters_in_WoD#F
98,vibius fimbria,"vibius fimbria, lasombra bishop of the cainite heresy. resided in lisbon, where he led the portuguese heretics.[59]",lasombra,,https://whitewolf.fandom.com/wiki/Minor_characters_in_WoD#F
99,"floyd ""hemlock"" moore","floyd ""hemlock"" moore, shadow lord elder of the ring of the raccoon caern.[60][61]",,,https://whitewolf.fandom.com/wiki/Minor_characters_in_WoD#F
100,rupert forrester,"lord rupert forrester, wealthy english noble of the 16th century.[13]",,6,https://whitewolf.fandom.com/wiki/Minor_characters_in_WoD#F
101,fenella fraiseworthy,"fenella fraiseworthy, in 1888 organized a séance with the london elite and her friend sri sansa.[13]",,,https://whitewolf.fandom.com/wiki/Minor_characters_in_WoD#F
102,freya,"freya, thin-blooded neonate and acquaintance of the anarch dee[31]",,,https://whitewolf.fandom.com/wiki/Minor_characters_in_WoD#F
103,friedman,"friedman, an american political representative in his city[62]",,,https://whitewolf.fandom.com/wiki/Minor_characters_in_WoD#F
104,frondator,"frondator, ninth generation tremere and sire of arden canty[63]",tremere,9,https://whitewolf.fandom.com/wiki/Minor_characters_in_WoD#F
105,viviana fuentes,"viviana fuentes, a toreador socialite, who had a romance with a banu haqim.[35]",toreador,,https://whitewolf.fandom.com/wiki/Minor_characters_in_WoD#F
106,fulco de outremer,"fulco de outremer, eighth generation toreador and childe of queen isouda de blaise[64]",toreador,8,https://whitewolf.fandom.com/wiki/Minor_characters_in_WoD#F
107,galen hawes,"galen hawes, a silent strider from vancouver.[65][66]",,,https://whitewolf.fandom.com/wiki/Minor_characters_in_WoD#G
108,ingrid galt,"ingrid galt, anarch vampire[54]",,,https://whitewolf.fandom.com/wiki/Minor_characters_in_WoD#G
109,gareth,"gareth, 6th generation gangrel and the sire of tyrus.[67]",gangrel,6,https://whitewolf.fandom.com/wiki/Minor_characters_in_WoD#G
110,garlotte,"garlotte, prince of baltimore and old acquaintance of victoria ash[8]",,,https://whitewolf.fandom.com/wiki/Minor_characters_in_WoD#G
111,garret,"garret, brujah lover of daliah",brujah,,https://whitewolf.fandom.com/wiki/Minor_characters_in_WoD#G
112,gaskins,"gaskins, an american senator in matthias van dorn's city.[62]",,,https://whitewolf.fandom.com/wiki/Minor_characters_in_WoD#G
113,willa gebenstaler,"willa gebenstaler, caitiff vampire[54]",,,https://whitewolf.fandom.com/wiki/Minor_characters_in_WoD#G
114,geidas,"geidas, seventh generation tzimisce and childe of voivode visya",tzimisce,7,https://whitewolf.fandom.com/wiki/Minor_characters_in_WoD#G
115,gemma,"gemma, mortal woman and possible touchstone of tommy smith[13]",,,https://whitewolf.fandom.com/wiki/Minor_characters_in_WoD#G
116,giering,"giering, tremere regent of cologne and sire of nanette[7]",tremere,,https://whitewolf.fandom.com/wiki/Minor_characters_in_WoD#G
117,raul gonzalez,"father raul gonzalez, mortal priest manipulated by the tremere arden canty.[63]",tremere,,https://whitewolf.fandom.com/wiki/Minor_characters_in_WoD#G
118,anna maria giovanni,"anna maria giovanni, sixth generation giovanni and the sire of carmen giovanni[68]",giovanni,6,https://whitewolf.fandom.com/wiki/Minor_characters_in_WoD#G
119,patricia giovanni,"patricia giovanni, seventh generation giovanni and the sire of benedict giovanni[69]",giovanni,7,https://whitewolf.fandom.com/wiki/Minor_characters_in_WoD#G
120,grass roller,"grass roller, a galliard lupus garou from legends of the garou: the tale of the mai-coh.[49][50]",,,https://whitewolf.fandom.com/wiki/Minor_characters_in_WoD#G
121,gregorio,"gregorio, albino sabbat commander in the siege of atlanta[8]",,,https://whitewolf.fandom.com/wiki/Minor_characters_in_WoD#G
122,pacifico grillati,"pacifico grillati, eighth generation lasombra and childe of paliuro rustucci[70]",lasombra,8,https://whitewolf.fandom.com/wiki/Minor_characters_in_WoD#G
123,habiba,"habiba, seventh generation assamite warrior and childe of qusay ibn namdar.[71]",assamite,7,https://whitewolf.fandom.com/wiki/Minor_characters_in_WoD#H
124,jizla hamadi,"jizla hamadi, prague firefighter[9]",,,https://whitewolf.fandom.com/wiki/Minor_characters_in_WoD#H
125,leila hamidi,"leila hamidi, ashirra from ramallah, presumably of the lasombra clan[7]",lasombra,,https://whitewolf.fandom.com/wiki/Minor_characters_in_WoD#H
126,hansen,"hansen, tenth generation toreador and sire of kyra ripa.[72]",toreador,10,https://whitewolf.fandom.com/wiki/Minor_characters_in_WoD#H
127,imad al din abd haqim,"imad al din abd haqim, an assamite field agent in prince warburton's domain[41]",assamite,,https://whitewolf.fandom.com/wiki/Minor_characters_in_WoD#H
128,harold,"harold, an example character, who is a metis garou.[73]",,,https://whitewolf.fandom.com/wiki/Minor_characters_in_WoD#H
129,hauzal,"hauzal, 6th generation nosferatu. sire of dondinni.[74]",nosferatu,6,https://whitewolf.fandom.com/wiki/Minor_characters_in_WoD#H
130,charles hayworth,"charles hayworth, ninth generation brujah and the sire of manuela cardoso pinto[75]",brujah,9,https://whitewolf.fandom.com/wiki/Minor_characters_in_WoD#H
131,hector aguilera,"hector aguilera, 6th generation lasombra. sire of elieser de polanco.[76]",lasombra,6,https://whitewolf.fandom.com/wiki/Minor_characters_in_WoD#H
132,rachel heffron,"rachel heffron, washington, d.c. police officer[7]",,,https://whitewolf.fandom.com/wiki/Minor_characters_in_WoD#H
133,hemmel,"hemmel, an elder garou loremaster of the philodox auspice and mentor of harold.[73]",,,https://whitewolf.fandom.com/wiki/Minor_characters_in_WoD#H
134,henri,"henri, 6th generation ventrue and the sire of natasio the galician.[77]",,6,https://whitewolf.fandom.com/wiki/Minor_characters_in_WoD#H
135,heraclides,"heraclides, seventh generation malkavian and the sire of prince peisistratos[78]",malkavian,7,https://whitewolf.fandom.com/wiki/Minor_characters_in_WoD#H
136,mr. hernandez,"mr. hernandez, puerto rican neighbour of zhavon and a drunk[1]",,,https://whitewolf.fandom.com/wiki/Minor_characters_in_WoD#H
137,mrs. hernandez,"mrs. hernandez, puerto rican neighbour of zhavon and mr hernandez' wife[1]",,,https://whitewolf.fandom.com/wiki/Minor_characters_in_WoD#H
138,herodian,"herodian, sixth generation toreador. sire of father samuel.",toreador,6,https://whitewolf.fandom.com/wiki/Minor_characters_in_WoD#H
139,hoël de nuz,"hoël de nuz, 6th generation ventrue. sire of jean ploermel.[79]",,6,https://whitewolf.fandom.com/wiki/Minor_characters_in_WoD#H
140,"horace ""raptor"" wu","horace ""raptor"" wu, a garou from legends of the garou: the tale of my passage.[18][19]",,,https://whitewolf.fandom.com/wiki/Minor_characters_in_WoD#H
141,horrock,"horrock, tenth generation gangrel and sire of tanner",gangrel,10,https://whitewolf.fandom.com/wiki/Minor_characters_in_WoD#H
142,howls-to-luna,"howls-to-luna, a female ahroun lupus garou from legends of the garou: the tale of the mai-coh.[49][50]",,,https://whitewolf.fandom.com/wiki/Minor_characters_in_WoD#H
143,humo,"humo, sabbat nosferatu and sire of cicatriz",nosferatu,,https://whitewolf.fandom.com/wiki/Minor_characters_in_WoD#H
144,huntress,"huntress, a nosferatu agent working for richard de worde[13]",nosferatu,,https://whitewolf.fandom.com/wiki/Minor_characters_in_WoD#H
145,ilse baensch,"ilse baensch, 6th generation brujah. sire of stefan rutigar.[80]",brujah,6,https://whitewolf.fandom.com/wiki/Minor_characters_in_WoD#I
146,bogdan ionescu,"bogdan ionescu, a tzimisce gang boss, who recommended the nosferatu for good lovers.[35]",tzimisce,,https://whitewolf.fandom.com/wiki/Minor_characters_in_WoD#I
147,irendo,"irendo, a 6th generation ravnos. sire of izydor torenu.[81]",ravnos,6,https://whitewolf.fandom.com/wiki/Minor_characters_in_WoD#I
148,irma,"irma, zhavon's aunt and hayesburg resident; killed by a vampire in 1999[1]",,,https://whitewolf.fandom.com/wiki/Minor_characters_in_WoD#I
149,isidoros,"brother isidoros, mysterious monk from mount athos in greece.[45]",,,https://whitewolf.fandom.com/wiki/Minor_characters_in_WoD#I
150,jabar,"jabar, 6th generation bay't mushakis (brujah). sire of usama ibn jabar.[82]",brujah,6,https://whitewolf.fandom.com/wiki/Minor_characters_in_WoD#J
151,jackdaw,"jackdaw, prince of bath; killed by gwenllian arwyn[13]",,,https://whitewolf.fandom.com/wiki/Minor_characters_in_WoD#J
152,jacques,"jacques, sabbat vampire from montreal who participated in the firedance under hardin; killed by his superior[8]",,,https://whitewolf.fandom.com/wiki/Minor_characters_in_WoD#J
153,jake,jake sabbat vampire who participated in the firedance under hardin[8],,,https://whitewolf.fandom.com/wiki/Minor_characters_in_WoD#J
154,lord james,"lord james, 6th generation ventrue. sire of joseph wellesley.[83]",,6,https://whitewolf.fandom.com/wiki/Minor_characters_in_WoD#J
155,jana,"jana, prostitute in modern prague[9]",,,https://whitewolf.fandom.com/wiki/Minor_characters_in_WoD#J
156,louis jankowski,"louis jankowski, special agent of the fbi's special affairs department. presumed kia in 2018",,,https://whitewolf.fandom.com/wiki/Minor_characters_in_WoD#J
157,javeria,"javeria, kindred and daughter of detective ishaq khan[13]",,,https://whitewolf.fandom.com/wiki/Minor_characters_in_WoD#J
158,jean-paul,"jean-paul, toreador of the stockholm camarilla[31]",toreador,,https://whitewolf.fandom.com/wiki/Minor_characters_in_WoD#J
159,jet,"jet, member of the maryle boys[13]",,,https://whitewolf.fandom.com/wiki/Minor_characters_in_WoD#J
160,jehan du pleaux,"jehan du pleaux, seventh generation tzimisce and the childe of agoston le jeune.[84]",tzimisce,7,https://whitewolf.fandom.com/wiki/Minor_characters_in_WoD#J
161,joão,"joão, mortal lover of the nosferatu bartolomeu casson[7]",nosferatu,,https://whitewolf.fandom.com/wiki/Minor_characters_in_WoD#J
162,johann kaspar,"johann kaspar, 6th generation tremere. sire of john reiss.[85]",tremere,6,https://whitewolf.fandom.com/wiki/Minor_characters_in_WoD#J
163,johannes,"johannes, ghoul of signe[31]",,,https://whitewolf.fandom.com/wiki/Minor_characters_in_WoD#J
164,jonah,"jonah, former prince of ottawa. he was usurped by the nosferatu cranston.[48]",nosferatu,,https://whitewolf.fandom.com/wiki/Minor_characters_in_WoD#J
165,jonathan,"jonathan, ghoul bodyguard of the ventrue samuel armstrong.[86]",,,https://whitewolf.fandom.com/wiki/Minor_characters_in_WoD#J
166,josé the owl,"josé the owl, a ravnos car mechanic, who had a romance with a ministry.[35]",ravnos,,https://whitewolf.fandom.com/wiki/Minor_characters_in_WoD#J
167,joshua,"joshua, gangrel and former lover of victoria ash[8]",gangrel,,https://whitewolf.fandom.com/wiki/Minor_characters_in_WoD#J
168,julius,"julius, roman ghoul of arcadius augustus and daytime oversee of mithraeum's construction[13]",,,https://whitewolf.fandom.com/wiki/Minor_characters_in_WoD#J
169,klara jurgensblut,"klara jurgensblut, ventrue of england during the victorian age[41]",,,https://whitewolf.fandom.com/wiki/Minor_characters_in_WoD#J
170,nisha kapoor,"nisha kapoor, toreador ambassador[7]",toreador,,https://whitewolf.fandom.com/wiki/Minor_characters_in_WoD#K
171,karen,"karen, a kindred and will's friend[10]",,,https://whitewolf.fandom.com/wiki/Minor_characters_in_WoD#K
172,katz,"katz, chairman of the v committee of the second inquisition[9]",,2,https://whitewolf.fandom.com/wiki/Minor_characters_in_WoD#K
173,everard keightley,"everard keightley, an influential ventrue[7]",,,https://whitewolf.fandom.com/wiki/Minor_characters_in_WoD#K
174,marz kell,"marz kell, kindred painter of prague[9]",,,https://whitewolf.fandom.com/wiki/Minor_characters_in_WoD#K
175,kenny,"kenny, mortal uncle of the gangrel ramona and a real estate agent[1]",gangrel,,https://whitewolf.fandom.com/wiki/Minor_characters_in_WoD#K
176,khadija,"khadija, anarch dj in stockholm[31]",,,https://whitewolf.fandom.com/wiki/Minor_characters_in_WoD#K
177,the kid,"the kid, former anarch neonate; became a camarilla archon but leaked information to the anarchs.[31]",,,https://whitewolf.fandom.com/wiki/Minor_characters_in_WoD#K
178,kim hubert,"kim hubert, glass walker ally of kelly patterson.[87][88]",,,https://whitewolf.fandom.com/wiki/Minor_characters_in_WoD#K
179,xenie kocová,"xenie kocová, art conneisseur from prague[9]",,,https://whitewolf.fandom.com/wiki/Minor_characters_in_WoD#K
180,liisa koski,"liisa koski, a hecata doctor, who spoke about dating a ventrue.[35]",hecata,,https://whitewolf.fandom.com/wiki/Minor_characters_in_WoD#K
181,lateland,"lateland, ninth generation malkavian and childe of jason newberry",malkavian,9,https://whitewolf.fandom.com/wiki/Minor_characters_in_WoD#L
182,lena,"lena, anarch who met the legendary tyler[31]",,,https://whitewolf.fandom.com/wiki/Minor_characters_in_WoD#L
183,lenore,"lenore, a setite who had an opium den in new york in 1890s[89]",,,https://whitewolf.fandom.com/wiki/Minor_characters_in_WoD#L
184,lizzie,"lizzie, malkavian artist and new york anarch; member of richter's coterie",malkavian,,https://whitewolf.fandom.com/wiki/Minor_characters_in_WoD#L
185,locus,"locus, seventh generation tremere and childe of therimna[90]",tremere,7,https://whitewolf.fandom.com/wiki/Minor_characters_in_WoD#L
186,lonnie,"lonnie, sabbat vampire who participated in the firedance under hardin[8]",,,https://whitewolf.fandom.com/wiki/Minor_characters_in_WoD#L
187,sir lorence,"sir lorence, 6th generation brujah. sire of edward scott.[91]",brujah,6,https://whitewolf.fandom.com/wiki/Minor_characters_in_WoD#L
188,bethany lowell,"bethany lowell, spy for the powerful nosferatu richard de worde[13]",nosferatu,,https://whitewolf.fandom.com/wiki/Minor_characters_in_WoD#L
189,lucas,"lucas, a camarilla ventrue[92]",,,https://whitewolf.fandom.com/wiki/Minor_characters_in_WoD#L
190,lucius,"lucius, sabbat vampire and admirer of the tzimisce sascha vykos[8]",tzimisce,,https://whitewolf.fandom.com/wiki/Minor_characters_in_WoD#L
191,william luft,"william luft, twelfth generation gangrel and sire of the archon fergus alexander[93]",gangrel,12,https://whitewolf.fandom.com/wiki/Minor_characters_in_WoD#L
192,lumley,"lumley, the former tremere prince of perth; overthrown and destroyed in 1953 by anarchs[94][95][96]",tremere,,https://whitewolf.fandom.com/wiki/Minor_characters_in_WoD#L
193,evelyn luna,"evelyn luna, mortal wife of julian luna; born in 1832; died in childbirth in 1856.[97]",,,https://whitewolf.fandom.com/wiki/Minor_characters_in_WoD#L
194,lyseros,"lyseros, 7th generation ventrue. childe of nicepherus.[98]",,7,https://whitewolf.fandom.com/wiki/Minor_characters_in_WoD#L
195,macdorman,"macdorman, boston police forensics[6]",,,https://whitewolf.fandom.com/wiki/Minor_characters_in_WoD#M
196,ma'aruf,"ma'aruf, banu haqim, 8th generation. descendant of fatima al-faqadi and sire of badr al-budur.[99]",banu haqim,8,https://whitewolf.fandom.com/wiki/Minor_characters_in_WoD#M
197,mark smith,"mark smith, glass walker ally of kelly patterson.[87][88]",,,https://whitewolf.fandom.com/wiki/Minor_characters_in_WoD#M
198,mcphee,"mcphee, eighth generation toreador. childe of tarmonay, destroyed.[100][101]",toreador,8,https://whitewolf.fandom.com/wiki/Minor_characters_in_WoD#M
199,mai-coh,"mai-coh, a wyrm corrupted medicine man from legends of the garou: the tale of the mai-coh.[49][50]",,,https://whitewolf.fandom.com/wiki/Minor_characters_in_WoD#M
200,malthias,"malthias, 6th generation ventrue. sire of nicholas.[102]",,6,https://whitewolf.fandom.com/wiki/Minor_characters_in_WoD#M
201,joseph manneh,"joseph manneh, priest of society of leopold[6]",,,https://whitewolf.fandom.com/wiki/Minor_characters_in_WoD#M
202,mansfield,"mansfield, boston police officer[6]",,,https://whitewolf.fandom.com/wiki/Minor_characters_in_WoD#M
203,mara,"mara, 6th generation gangrel. sire of sabela. destroyed by a band of assamites.[103]",gangrel,6,https://whitewolf.fandom.com/wiki/Minor_characters_in_WoD#M
204,marcos,"marcos, seventh generation lasombra and the sire of badr; possibly of the catholic lasombra[104]",lasombra,7,https://whitewolf.fandom.com/wiki/Minor_characters_in_WoD#M
205,marcos,"marcos, mortal lover of the nosferatu bartolomeu casson[7]",nosferatu,,https://whitewolf.fandom.com/wiki/Minor_characters_in_WoD#M
206,marcus the advocate,"marcus the advocate, brujah methuselah of the 5th generation. sire of themistocles.[105]",brujah,5,https://whitewolf.fandom.com/wiki/Minor_characters_in_WoD#M
207,mariah haige,"mariah haige, 6th generation tremere. sire of zachariah slane. destroyed.[106]",tremere,6,https://whitewolf.fandom.com/wiki/Minor_characters_in_WoD#M
208,mariennia,"mariennia, 6th generation nosferatu. sire of federico di padua.[107]",nosferatu,6,https://whitewolf.fandom.com/wiki/Minor_characters_in_WoD#M
209,mario,"mario, new york anarch; member of richter's coterie",,,https://whitewolf.fandom.com/wiki/Minor_characters_in_WoD#M
210,mark,"mark, feeding victim of the nosferatu lucianna ricci[86]",nosferatu,,https://whitewolf.fandom.com/wiki/Minor_characters_in_WoD#M
211,marketa,"marketa, sire of the thin-blooded maus; destroyed in recent years[9]",,,https://whitewolf.fandom.com/wiki/Minor_characters_in_WoD#M
212,rose markowitz,"rose markowitz, mortal artist from atlanta[108]",,,https://whitewolf.fandom.com/wiki/Minor_characters_in_WoD#M
213,masser,"masser, 5th generation toreador of the ray'een al-fen. sire of barqat.[109]",toreador,5,https://whitewolf.fandom.com/wiki/Minor_characters_in_WoD#M
214,matheus,"matheus, mortal lover of the nosferatu bartolomeu casson[7]",nosferatu,,https://whitewolf.fandom.com/wiki/Minor_characters_in_WoD#M
215,max,"max, and his wife, were feeding victims the gabe tremblay",,,https://whitewolf.fandom.com/wiki/Minor_characters_in_WoD#M
216,mayson,"mayson, emem's father[6]",,,https://whitewolf.fandom.com/wiki/Minor_characters_in_WoD#M
217,diana mckinsley,"diana mckinsley, mortal lover and possible touchstone of the ventrue catherine montague.[13]",,,https://whitewolf.fandom.com/wiki/Minor_characters_in_WoD#M
218,mendoza,"mendoza, a murderous member of the parkie mob.",,,https://whitewolf.fandom.com/wiki/Minor_characters_in_WoD#M
219,merx,"merx, brujah marksman and one of the lions of kirill; forced into torpor by entity hunters.[9]",brujah,,https://whitewolf.fandom.com/wiki/Minor_characters_in_WoD#M
220,mesita,"mesita, 6th generation tremere. sire of dr. mortius.[110]",tremere,6,https://whitewolf.fandom.com/wiki/Minor_characters_in_WoD#M
221,metcalf,"metcalf, kindred of the boston camarilla[6]",,,https://whitewolf.fandom.com/wiki/Minor_characters_in_WoD#M
222,mezekht,"mezekht, 6th generation brujah. sire of khentik-kher.[111]",brujah,6,https://whitewolf.fandom.com/wiki/Minor_characters_in_WoD#M
223,mia,"mia, enforcer under the employ of elena giovanni of venice[15]",giovanni,,https://whitewolf.fandom.com/wiki/Minor_characters_in_WoD#M
224,ras michael,"ras michael, ninth generation setite and the sire of steven clarke[112]",,9,https://whitewolf.fandom.com/wiki/Minor_characters_in_WoD#M
225,michelle,"michelle, mortal victim of leopold[108]",,,https://whitewolf.fandom.com/wiki/Minor_characters_in_WoD#M
226,mihrisah,"mihrisah, galeb bazory's mother[6]",,,https://whitewolf.fandom.com/wiki/Minor_characters_in_WoD#M
227,mikala,"mikala, toreador and sire of maia[9]",toreador,,https://whitewolf.fandom.com/wiki/Minor_characters_in_WoD#M
228,edwin mitchell,"edwin mitchell, eighth generation ventrue and the childe of prince michaela[113]",,8,https://whitewolf.fandom.com/wiki/Minor_characters_in_WoD#M
229,june moore,"june moore, daughter of jason and lydia moore[6]",,,https://whitewolf.fandom.com/wiki/Minor_characters_in_WoD#M
230,lydia moore,"lydia moore, mortal architect; jason moore's wife and mother of june[6]",,,https://whitewolf.fandom.com/wiki/Minor_characters_in_WoD#M
231,annette moser,"annette moser, ninth generation nosferatu and the childe of augustin[114]",nosferatu,9,https://whitewolf.fandom.com/wiki/Minor_characters_in_WoD#M
232,sehzade mustafa,"sehzade mustafa, galeb bazory's brother[6]",,,https://whitewolf.fandom.com/wiki/Minor_characters_in_WoD#M
233,qusay ibn namdar,"qusay ibn namdar, 6th generation assamite warrior. sire of habiba.[115]",assamite,6,https://whitewolf.fandom.com/wiki/Minor_characters_in_WoD#N
234,nanette,"nanette, tremere and childer of giering[7]",tremere,,https://whitewolf.fandom.com/wiki/Minor_characters_in_WoD#N
235,natalie,"natalie, ninth generation gangrel and childe of anthius[116]",gangrel,9,https://whitewolf.fandom.com/wiki/Minor_characters_in_WoD#N
236,nigel,"nigel, a ventrue from new york in the employ of james rafferty",,,https://whitewolf.fandom.com/wiki/Minor_characters_in_WoD#N
237,octavius,"octavius, 6th generation lasombra. sire of victorien loyola.[117]",lasombra,6,https://whitewolf.fandom.com/wiki/Minor_characters_in_WoD#O
238,ask oddfoot,"ask oddfoot, mortal father of hrothgar[118]",,,https://whitewolf.fandom.com/wiki/Minor_characters_in_WoD#O
239,ogilvie,"ogilvie, nosferatu bookie and new york anarch; member of baron torque's coterie",nosferatu,,https://whitewolf.fandom.com/wiki/Minor_characters_in_WoD#O
240,oliver,"oliver, brujah brute in torpor; former lover of victoria ash[8]",brujah,,https://whitewolf.fandom.com/wiki/Minor_characters_in_WoD#O
241,oliver,"oliver, 6th generation toreador. sire of arianne.[119]",toreador,6,https://whitewolf.fandom.com/wiki/Minor_characters_in_WoD#O
242,olwen,"olwen, brujah and wife of consul arcadius augustus of bath[13]",brujah,,https://whitewolf.fandom.com/wiki/Minor_characters_in_WoD#O
243,ororiouth,"ororiouth, 5th generation setite childe of ta-urt. sire of nebseni.[120]",,5,https://whitewolf.fandom.com/wiki/Minor_characters_in_WoD#O
244,orthese,"orthese, setite who helped rescue victoria ash from the sabbat in atlanta[8]",,,https://whitewolf.fandom.com/wiki/Minor_characters_in_WoD#O
245,pablo ortiz,"pablo ortiz, lasombra paladin of the sabbat during the victorian age[41]",lasombra,,https://whitewolf.fandom.com/wiki/Minor_characters_in_WoD#O
246,pascoe,"pascoe, 6th generation toreador. sire of lianna.",toreador,6,https://whitewolf.fandom.com/wiki/Minor_characters_in_WoD#P
247,sulim pashkin,"sulim pashkin, banu haqim archon who investigated the abrek free state[7]",banu haqim,,https://whitewolf.fandom.com/wiki/Minor_characters_in_WoD#P
248,pasiphae,"pasiphae, mortal queen. she was mother of minotaur and wife to minos.",,,https://whitewolf.fandom.com/wiki/Minor_characters_in_WoD#P
249,graziella patane,"graziella patane, giovanni of the victorian age[41]",giovanni,,https://whitewolf.fandom.com/wiki/Minor_characters_in_WoD#P
250,rudolph paulsen,"rudolph paulsen, tenth generation toreador and sire of horace holden[121]",toreador,10,https://whitewolf.fandom.com/wiki/Minor_characters_in_WoD#P
251,jan pavlovsky,"jan pavlovsky, young billionaire from prague[9]",,,https://whitewolf.fandom.com/wiki/Minor_characters_in_WoD#P
252,"pearl,","pearl, american toreador and herald of munich",toreador,,https://whitewolf.fandom.com/wiki/Minor_characters_in_WoD#P
253,pelagon,"pelagon, fifth generation assamite. sire of hilel al-masaari.[122]",assamite,5,https://whitewolf.fandom.com/wiki/Minor_characters_in_WoD#P
254,pelayo,"pelayo, brujah of unknown generation since his childe committed diablerie. sire of felipe.[22]",brujah,,https://whitewolf.fandom.com/wiki/Minor_characters_in_WoD#P
255,percivax,"percivax, seventh generation tremere and sire of curaferrum[57]",tremere,7,https://whitewolf.fandom.com/wiki/Minor_characters_in_WoD#P
256,terence philby,"terence philby, ventrue courtier, who spoke about his former caitiff lover.[35]",,,https://whitewolf.fandom.com/wiki/Minor_characters_in_WoD#P
257,piotr,"piotr, mortal minion of agata starek[31]",,,https://whitewolf.fandom.com/wiki/Minor_characters_in_WoD#P
258,porphyrion,"porphyrion, 5th generation setite. sire of sundervere.[123]",,5,https://whitewolf.fandom.com/wiki/Minor_characters_in_WoD#P
259,andrea pocklington,"andrea pocklington, mortal from washington, d.c.[7]",,,https://whitewolf.fandom.com/wiki/Minor_characters_in_WoD#P
260,pookcha,"pookcha, a wendigo from the past.[124][125]",,,https://whitewolf.fandom.com/wiki/Minor_characters_in_WoD#P
261,alonzo de portola,"alonzo de portola, eighth generation tremere who sought to usurp prince sebastian juan dominguez.",tremere,8,https://whitewolf.fandom.com/wiki/Minor_characters_in_WoD#P
262,george price,"george price, ninth generation toreador and childe of duke.[126]",toreador,9,https://whitewolf.fandom.com/wiki/Minor_characters_in_WoD#P
263,antoine purrel,"antoine purrel, old man and mortal descendant of prince davis purrel; presumably killed by the sabbat in 1999[8]",,,https://whitewolf.fandom.com/wiki/Minor_characters_in_WoD#P
264,nasr ramanathan,"nasr ramanathan, eighth generation toreador and sire of qadir al-asmai",toreador,8,https://whitewolf.fandom.com/wiki/Minor_characters_in_WoD#R
265,rainchild,"rainchild, an example character, who is a lupus garou.[73]",,,https://whitewolf.fandom.com/wiki/Minor_characters_in_WoD#R
266,reggie,"reggie, delinquent from new york city who tried to rape zhavon; killed by the gangrel ramona[1]",gangrel,,https://whitewolf.fandom.com/wiki/Minor_characters_in_WoD#R
267,reginald of durham,"reginald of durham, 5th generation tremere. sire of leland of durham.[127]",tremere,5,https://whitewolf.fandom.com/wiki/Minor_characters_in_WoD#R
268,reno,reno is the kindred sheriff of houston[128],,,https://whitewolf.fandom.com/wiki/Minor_characters_in_WoD#R
269,ivy reo,"ivy reo, malkavian oracle[7]",malkavian,,https://whitewolf.fandom.com/wiki/Minor_characters_in_WoD#R
270,rex,"rex, dog of the gangrel ramona[1]",gangrel,,https://whitewolf.fandom.com/wiki/Minor_characters_in_WoD#R
271,"felix ritter,","felix ritter, tremere prince of munich; killed by the second inquisition in 2007",tremere,2,https://whitewolf.fandom.com/wiki/Minor_characters_in_WoD#R
272,roberto,"roberto, enforcer under the employ of elena giovanni of venice[15]",giovanni,,https://whitewolf.fandom.com/wiki/Minor_characters_in_WoD#R
273,byron rocha,"byron rocha, kindred priest of the church of caine[129]",,,https://whitewolf.fandom.com/wiki/Minor_characters_in_WoD#R
274,roderick,"roderick, 6th generation german lasombra. sire of ashiqa bint jifri.[130]",lasombra,6,https://whitewolf.fandom.com/wiki/Minor_characters_in_WoD#R
275,"gerhard röhrich,","gerhard röhrich, nosferatu sheriff of munich",nosferatu,,https://whitewolf.fandom.com/wiki/Minor_characters_in_WoD#R
276,rojo,"rojo, sabbat vampire who participated in the firedance under hardin[8]",,,https://whitewolf.fandom.com/wiki/Minor_characters_in_WoD#R
277,romana theja,"romana theja, 6th generation toreador. sire of nikolai von tresckow.[131]",toreador,6,https://whitewolf.fandom.com/wiki/Minor_characters_in_WoD#R
278,giulia romano,"giulia romano, tenth generation tremere of the camarilla, and sire of the rogue dante bruneri[2]",tremere,10,https://whitewolf.fandom.com/wiki/Minor_characters_in_WoD#R
279,rover,"rover, dog of the gangrel ramona[1]",gangrel,,https://whitewolf.fandom.com/wiki/Minor_characters_in_WoD#R
280,georgia rowlands,"georgia rowlands, seventh generation ventrue and sire of upton rowlands[132]",,7,https://whitewolf.fandom.com/wiki/Minor_characters_in_WoD#R
281,running fox,"running fox, a lupus garou.[133][134]",,,https://whitewolf.fandom.com/wiki/Minor_characters_in_WoD#R
282,chimene sahraoul,"chimene sahraoul, a banu haqim diplomat, who spoke about a former hecata lover.[35]",banu haqim,,https://whitewolf.fandom.com/wiki/Minor_characters_in_WoD#S
283,sara,"sara, an example character, who is a lupus garou.[73]",,,https://whitewolf.fandom.com/wiki/Minor_characters_in_WoD#S
284,sarah the chaste,"sarah the chaste, ninth generation lasombra and childe of magnus; embraced in 402 ce",lasombra,9,https://whitewolf.fandom.com/wiki/Minor_characters_in_WoD#S
285,samal,"samal, fifth generation brujah methuselah from ancient carthage and sire of dominic",brujah,5,https://whitewolf.fandom.com/wiki/Minor_characters_in_WoD#S
286,william samuels,"william samuels, wellesley's ghoul in charge of the usa immigration[135]",,,https://whitewolf.fandom.com/wiki/Minor_characters_in_WoD#S
287,sarah,"sarah, toreador neonate from atlanta[108]",toreador,,https://whitewolf.fandom.com/wiki/Minor_characters_in_WoD#S
288,sargis,"sargis, ninth generation assamite; sire of kapriel and childe of dikranouhi.[136]",assamite,9,https://whitewolf.fandom.com/wiki/Minor_characters_in_WoD#S
289,sebastião,"sebastião, mortal lover of the nosferatu bartolomeu casson[7]",nosferatu,,https://whitewolf.fandom.com/wiki/Minor_characters_in_WoD#S
290,serenity,"serenity, an unsophisticated malkavian, who dated a tzimisce once.[35]",malkavian,,https://whitewolf.fandom.com/wiki/Minor_characters_in_WoD#S
291,servant,"servant, ghoul working as a spy for the nosferatu elder richard de worde.[13]",nosferatu,,https://whitewolf.fandom.com/wiki/Minor_characters_in_WoD#S
292,severus,"severus, 5th generation ventrue. sire of the justicar lucinde.",,5,https://whitewolf.fandom.com/wiki/Minor_characters_in_WoD#S
293,shallam,"shallam, 6th generation bashirite ravnos. sire of es'kut the silent.[137]",ravnos,6,https://whitewolf.fandom.com/wiki/Minor_characters_in_WoD#S
294,shinji,"shinji, mortal father of sierra van burrace[138]",,,https://whitewolf.fandom.com/wiki/Minor_characters_in_WoD#S
295,shutatara,"shutatara, sixth generation baali and childe of tanit; escaped her sire to cyprus",,6,https://whitewolf.fandom.com/wiki/Minor_characters_in_WoD#S
296,piotr sielanovitch,"piotr sielanovitch, brujah revolutionary of the victorian era.[41]",brujah,,https://whitewolf.fandom.com/wiki/Minor_characters_in_WoD#S
297,sigfried,"sigfried, 6th generation brujah. sire of andrei. destroyed by baba yaga.[139]",brujah,6,https://whitewolf.fandom.com/wiki/Minor_characters_in_WoD#S
298,signe,"signe, sabbat member in stockholm[31]",,,https://whitewolf.fandom.com/wiki/Minor_characters_in_WoD#S
299,simon,"simon, tremere and priest of the church of caine; destroyed[63]",tremere,,https://whitewolf.fandom.com/wiki/Minor_characters_in_WoD#S
300,simon augustyn,"simon augustyn, 6th generation tremere. sire of peter dorfman.[140]",tremere,6,https://whitewolf.fandom.com/wiki/Minor_characters_in_WoD#S
301,singh,"singh, a thin-blooded vampire who infiltrated the second inquisition[7]",,2,https://whitewolf.fandom.com/wiki/Minor_characters_in_WoD#S
302,"jimmy ""sleeves"" sleven","jimmy ""sleeves"" sleven, a patient in guy's hospital and possible touchstone for henry banerjee.[13]",,,https://whitewolf.fandom.com/wiki/Minor_characters_in_WoD#S
303,sloto,"sloto, mortal of prague[9]",,,https://whitewolf.fandom.com/wiki/Minor_characters_in_WoD#S
304,sofia,"sofia, homeless mortal who was saved by the legendary tyler[31]",,,https://whitewolf.fandom.com/wiki/Minor_characters_in_WoD#S
305,emile sorcha,"emile sorcha, malkavian who owns the project daedalus venue in london, as well as several hidden areas with dangerous and illegal challenges more suited to kindred customers.[13]",malkavian,,https://whitewolf.fandom.com/wiki/Minor_characters_in_WoD#S
306,sprenger,"sprenger, a sabbat local leader in salem who was presumably diablerised by madeline coventry",,,https://whitewolf.fandom.com/wiki/Minor_characters_in_WoD#S
307,st. nicholas,"st. nicholas, a thin-blood, who engaged with a salubri lover.[35]",salubri,,https://whitewolf.fandom.com/wiki/Minor_characters_in_WoD#S
308,vinzenz von stalburg,"vinzenz von stalburg, an ambitious ventrue minion of the methuselah inanna, in the 1160s.",,,https://whitewolf.fandom.com/wiki/Minor_characters_in_WoD#S
309,steve,"steve, ghoul bodyguard of the ventrue samuel armstrong.[86]",,,https://whitewolf.fandom.com/wiki/Minor_characters_in_WoD#S
310,quintus sturbridge,"quintus sturbridge, tremere regent quintus of the chantry of the five boroughs[1]",tremere,,https://whitewolf.fandom.com/wiki/Minor_characters_in_WoD#S
311,szymon,"szymon, mortal minion of agata starek[31]",,,https://whitewolf.fandom.com/wiki/Minor_characters_in_WoD#S
312,tammy johnson,"tammy johnson, niece to zachary upshaw. age: 14.[141][142]",,,https://whitewolf.fandom.com/wiki/Minor_characters_in_WoD#T
313,tarek,"tarek, anarch of prague[9]",,,https://whitewolf.fandom.com/wiki/Minor_characters_in_WoD#T
314,teri,"teri, eighth generation toreador. childe of sophia ayes, destroyed.[143][144]",toreador,8,https://whitewolf.fandom.com/wiki/Minor_characters_in_WoD#T
315,taurus,"taurus, sixth generation malkavian and sire of roque.[145]",malkavian,6,https://whitewolf.fandom.com/wiki/Minor_characters_in_WoD#T
316,thaddeus,"thaddeus, ninth generation malkavian and sire of persia.[146]",malkavian,9,https://whitewolf.fandom.com/wiki/Minor_characters_in_WoD#T
317,theophilis,"theophilis, 6th generation cappadocian. sire of marcus.[23]",cappadocian,6,https://whitewolf.fandom.com/wiki/Minor_characters_in_WoD#T
318,thomas,"thomas, ghoul of the powerful brujah thelonious[108]",brujah,,https://whitewolf.fandom.com/wiki/Minor_characters_in_WoD#T
319,thomson,"thomson, boston police officer[6]",,,https://whitewolf.fandom.com/wiki/Minor_characters_in_WoD#T
320,thorhalla,"thorhalla, 6th generation gangrel. sire of hakkon.[147]",gangrel,6,https://whitewolf.fandom.com/wiki/Minor_characters_in_WoD#T
321,tom,"tom, mortal gangster[31]",,,https://whitewolf.fandom.com/wiki/Minor_characters_in_WoD#T
322,torch,"torch, a metis ragabash garou.[148]",,,https://whitewolf.fandom.com/wiki/Minor_characters_in_WoD#T
323,torondo,"torondo, ghoul of henry banerjee, making his home in the old guy's hospital in london.[13]",,,https://whitewolf.fandom.com/wiki/Minor_characters_in_WoD#T
324,celine townsend,"celine townsend, british mortal descendant of queen anne bowesley[13]",,,https://whitewolf.fandom.com/wiki/Minor_characters_in_WoD#T
325,travis long,"travis long, a garou from legends of the garou: the tale of my passage.[18][19]",,,https://whitewolf.fandom.com/wiki/Minor_characters_in_WoD#T
326,trevor,"trevor, tough brujah from atlanta[108]",brujah,,https://whitewolf.fandom.com/wiki/Minor_characters_in_WoD#T
327,trobury,"trobury, minor english lord during the victorian age.",,,https://whitewolf.fandom.com/wiki/Minor_characters_in_WoD#T
328,jack turpin,"jack turpin, ghoul of christopher houghton",,,https://whitewolf.fandom.com/wiki/Minor_characters_in_WoD#T
329,tusk,"tusk, nosferatu talebearer of ancient clan stories, possibly one of the loremasters[149]",nosferatu,,https://whitewolf.fandom.com/wiki/Minor_characters_in_WoD#T
330,ungol,"ungol, sixth generation cappadocian and sire of kazimierz the silent.[150]",cappadocian,6,https://whitewolf.fandom.com/wiki/Minor_characters_in_WoD#U
331,ada upshaw,"ada upshaw, wife of zachary and mother of susan, jimmy and michael. age: 53.[141]",,,https://whitewolf.fandom.com/wiki/Minor_characters_in_WoD#U
332,jessie upshaw,"jessie upshaw, wife of michael. age: 28. uktena kinfolk.[141]",,,https://whitewolf.fandom.com/wiki/Minor_characters_in_WoD#U
333,jimmy upshaw,"jimmy upshaw, son of zachart and ada. age: 22.[141]",,,https://whitewolf.fandom.com/wiki/Minor_characters_in_WoD#U
334,michael upshaw,"michael upshaw, son of zachary and ada. age: 28.[141]",,,https://whitewolf.fandom.com/wiki/Minor_characters_in_WoD#U
335,robbie upshaw,"robbie upshaw, son of michael and jessie. age: 3.[141]",,,https://whitewolf.fandom.com/wiki/Minor_characters_in_WoD#U
336,susan upshaw,"susan upshaw, daughter of zachary and ada. age: 33.[141]",,,https://whitewolf.fandom.com/wiki/Minor_characters_in_WoD#U
337,zachary upshaw,"zachary upshaw, father of susan, jimmy and michael. age: 54.[141]",,,https://whitewolf.fandom.com/wiki/Minor_characters_in_WoD#U
338,tennant usher,"tennant usher, eighth generation ventrue and childe of prince abram of canberra.",,8,https://whitewolf.fandom.com/wiki/Minor_characters_in_WoD#U
339,vanislav,"vanislav, 9th generation ravnos childe of vassily tantos.[151]",ravnos,9,https://whitewolf.fandom.com/wiki/Minor_characters_in_WoD#V
340,"vasilli ""the penitent dog""","vasilli ""the penitent dog"", 6th generation nosferatu. sire of malachite.[152]",nosferatu,6,https://whitewolf.fandom.com/wiki/Minor_characters_in_WoD#V
341,vidor,"vidor, 6th generation tzimisce. sire of darvag grozny.[153]",tzimisce,6,https://whitewolf.fandom.com/wiki/Minor_characters_in_WoD#V
342,violeta,"violeta, anarch and the kid's mentor[31]",,,https://whitewolf.fandom.com/wiki/Minor_characters_in_WoD#V
343,"jess ""grunt"" walker","jess ""grunt"" walker, a caitiff thug, who spoke about her romance with a gangrel.[35]",gangrel,,https://whitewolf.fandom.com/wiki/Minor_characters_in_WoD#W
344,warburton,"warburton, prince during the victorian age[41]",,,https://whitewolf.fandom.com/wiki/Minor_characters_in_WoD#W
345,weasel,"weasel, a nosferatu courier, who had a romance with a brujah.[35]",nosferatu,,https://whitewolf.fandom.com/wiki/Minor_characters_in_WoD#W
346,lawrence westfield,"lawrence westfield, camarilla prince and sire of angus[7]",,,https://whitewolf.fandom.com/wiki/Minor_characters_in_WoD#W
347,jack weston,"jack weston, eighth generation tremere and the sire of helena taylor[154]",tremere,8,https://whitewolf.fandom.com/wiki/Minor_characters_in_WoD#W
348,will,"will, tremere childe of sheila and karen's friend.[10]",tremere,,https://whitewolf.fandom.com/wiki/Minor_characters_in_WoD#W
349,tim wilson,"tim wilson, special agent of the fbi's special affairs department. presumed kia in 2018",,,https://whitewolf.fandom.com/wiki/Minor_characters_in_WoD#W
350,windham,"ms. windham, mortal secretary of the giovanni benito[108]",giovanni,,https://whitewolf.fandom.com/wiki/Minor_characters_in_WoD#W
351,ryosuke yanazaki,"ryosuke yanazaki, a toreador who believed in the existence of antediluvians and was considered a charlatan as a result.[155]",toreador,,https://whitewolf.fandom.com/wiki/Minor_characters_in_WoD#Y
352,yaroslav,"yaroslav, a 10th-generation tzimisce in victorian age new york city[135]",tzimisce,10,https://whitewolf.fandom.com/wiki/Minor_characters_in_WoD#Y
353,yoav,"yoav, 6th generation bay't mushakis (brujah). sire of gerusiah bint yoav.[82]",brujah,6,https://whitewolf.fandom.com/wiki/Minor_characters_in_WoD#Y
354,yvette,"yvette, mortal from marseille and the salamander's victim.[7]",,,https://whitewolf.fandom.com/wiki/Minor_characters_in_WoD#Y
355,z,"z, nosferatu blood leech living in the london underground[13]",nosferatu,,https://whitewolf.fandom.com/wiki/Minor_characters_in_WoD#Z
356,zakariah,"zakariah, eighth generation assamite and childe of ahmed ibn zayyat.[156]",assamite,8,https://whitewolf.fandom.com/wiki/Minor_characters_in_WoD#Z
357,zenevieva,"zenevieva, twelfth generation tzimisce and sire of romeo de carlo[2]",tzimisce,12,https://whitewolf.fandom.com/wiki/Minor_characters_in_WoD#Z
358,bai zhang,"bai zhang, a tremere researcher, who spoke about sharing blood with a ravnos lover.[35]",tremere,,https://whitewolf.fandom.com/wiki/Minor_characters_in_WoD#Z
359,eleanor zheng,"eleanor zheng, nosferatu archon[7]",nosferatu,,https://whitewolf.fandom.com/wiki/Minor_characters_in_WoD#Z
360,zitkála-šá,"zitkála-šá, eleventh generation toreador and sire of journey atkins[6]",toreador,11,https://whitewolf.fandom.com/wiki/Minor_characters_in_WoD#Z
361,zoe parker,"zoe parker, a garou from legends of the garou: the tale of my passage.[18][19]",,,https://whitewolf.fandom.com/wiki/Minor_characters_in_WoD#Z
362,ted zyncan,"ted zyncan, 11th generation toreador. sire of edge.[157]",toreador,11,https://whitewolf.fandom.com/wiki/Minor_characters_in_WoD#Z
