,Clan,Generation,Name,Link,Childer,Sire,Sire_Link
0,Ventrue,unknown,James Abernathie,https://whitewolf.fandom.com/wiki/James_Abernathie,,,
1,Ventrue,7th,Dillon Abernathy,https://whitewolf.fandom.com/wiki/Dillon_Abernathy,,,
2,Ventrue,7th,Abram,https://whitewolf.fandom.com/wiki/Abram,Tennant Usher,,
3,Ventrue,,Heinrich von Achern,https://whitewolf.fandom.com/wiki/Heinrich_von_Achern,,,
4,Ventrue,8th,Dorian Adams,https://whitewolf.fandom.com/wiki/Dorian_Adams,,Thomas Carlyle,https://whitewolf.fandom.com/wiki/Thomas_Carlyle
5,Ventrue,unknown,Thornton Adams,https://whitewolf.fandom.com/wiki/Thornton_Adams,,,
6,Ventrue,8th,Adelphe le Germain,https://whitewolf.fandom.com/wiki/Adelphe_le_Germain,Thibald,unknown,
7,Ventrue,6th,Aethelbert,https://whitewolf.fandom.com/wiki/Aethelbert,,,
8,Ventrue,6th,Agrippa,https://whitewolf.fandom.com/wiki/Agrippa,Giselher,Julia Antasia,https://whitewolf.fandom.com/wiki/Julia_Antasia
9,Ventrue,9th,Thomas Albee,https://whitewolf.fandom.com/wiki/Thomas_Albee,Douglas Callihan (1860),,
10,Ventrue,4th,Alexander (Ventrue),https://whitewolf.fandom.com/wiki/Alexander_(Ventrue),"['Demetrius 600 BCE)', 'Gaius Marcellus (146 BCE)', 'Geoffrey (1099 CE)', 'Olivier']",Ventrue Antediluvian,https://whitewolf.fandom.com/wiki/Ventrue_Antediluvian
11,Ventrue,6th,Jadviga Almanov,https://whitewolf.fandom.com/wiki/Jadviga_Almanov,['A Childe of Isaac'],Unknown,
12,Ventrue,unknown,Joachin Almodovar,https://whitewolf.fandom.com/wiki/Joachin_Almodovar,,,
13,Ventrue antitribu,6th,Anadja,https://whitewolf.fandom.com/wiki/Anadja,,Belisarius,https://whitewolf.fandom.com/wiki/Belisarius
14,Ventrue,unknown,Vittorio Angelotti,https://whitewolf.fandom.com/wiki/Vittorio_Angelotti,,,
15,Ventrue,5th,Julia Antasia,https://whitewolf.fandom.com/wiki/Julia_Antasia,"['Agrippa', 'Friedrich Barbarossa (allegedly)']",Tinia,https://whitewolf.fandom.com/wiki/Tinia
16,Ventrue,9th,Anthony (Ventrue),https://whitewolf.fandom.com/wiki/Anthony_(Ventrue),,Marcel Guilbeau,https://whitewolf.fandom.com/wiki/Marcel_Guilbeau
17,Ventrue,possibly 5th,Antonius (Cairo),https://whitewolf.fandom.com/wiki/Antonius_(Cairo),possibly several,possibly Antonius,https://whitewolf.fandom.com/wiki/Antonius_(Constantinople)
18,Ventrue,4th,Antonius (Constantinople),https://whitewolf.fandom.com/wiki/Antonius_(Constantinople),"['Septima Dominica (51 BCE)', 'Antonius (Cairo) 130 CE', 'Caius (325 CE)', 'Belisarius (566 CE)']",Ventrue Antediluvian,https://whitewolf.fandom.com/wiki/Ventrue_Antediluvian
19,Ventrue,6th,Anushin-Rawan,https://whitewolf.fandom.com/wiki/Anushin-Rawan,,Balthazar,https://whitewolf.fandom.com/wiki/Balthazar_(Ventrue)
20,Ventrue,9th,Nathan Appleton,https://whitewolf.fandom.com/wiki/Nathan_Appleton,Hazel Iversen (1941),,
21,Ventrue,4th,Arakur of Ur,https://whitewolf.fandom.com/wiki/Arakur_of_Ur,"['Lantla', 'Numerous']",Ventrue Antediluvian,https://whitewolf.fandom.com/wiki/Ventrue_Antediluvian
22,Ventrue,,Arika,https://whitewolf.fandom.com/wiki/Arika,,,
23,Ventrue,7th,Aristophokles,https://whitewolf.fandom.com/wiki/Aristophokles,Livia da Ravenna,,
24,Ventrue,,Samuel Armstrong,https://whitewolf.fandom.com/wiki/Samuel_Armstrong,,,
25,Ventrue,10th,Milena Aronyan,https://whitewolf.fandom.com/wiki/Milena_Aronyan,,Alan Sovereign,https://whitewolf.fandom.com/wiki/Alan_Sovereign
26,Ventrue,?,Arundel,https://whitewolf.fandom.com/wiki/Arundel,,Unknown,
27,Ventrue,6th,Arcadius Augustus,https://whitewolf.fandom.com/wiki/Arcadius_Augustus,Julius (Ghoul),Marcus Verus,https://whitewolf.fandom.com/wiki/Marcus_Verus
28,Ventrue,8th,Aymeric de Sées,https://whitewolf.fandom.com/wiki/Aymeric_de_S%C3%A9es,,,
29,Ventrue,8th,Horatio Ballard,https://whitewolf.fandom.com/wiki/Horatio_Ballard,"['Lawrence Ballard (1939)', 'Alan Sovereign (1959)']",Lodin,https://whitewolf.fandom.com/wiki/Lodin
30,Ventrue,9th,Lawrence Ballard,https://whitewolf.fandom.com/wiki/Lawrence_Ballard,,Horatio Ballard,https://whitewolf.fandom.com/wiki/Horatio_Ballard
31,Ventrue,5th,Balthazar (Ventrue),https://whitewolf.fandom.com/wiki/Balthazar_(Ventrue),"['Ea Adapa', 'Anushin-Rawan']",Veddartha,https://whitewolf.fandom.com/wiki/Veddartha
32,Ventrue,6th,Friedrich Barbarossa,https://whitewolf.fandom.com/wiki/Friedrich_Barbarossa,Christine Rauch,Julia Antasia (allegedly),https://whitewolf.fandom.com/wiki/Julia_Antasia
33,Ventrue,8th,Tabitha Bauer,https://whitewolf.fandom.com/wiki/Tabitha_Bauer,,Michaela,https://whitewolf.fandom.com/wiki/Michaela
34,Ventrue,6th,Baylor,https://whitewolf.fandom.com/wiki/Baylor,Eleanor Johnston Hodge (1864),,
35,Ventrue,10th,Galeb Bazory,https://whitewolf.fandom.com/wiki/Galeb_Bazory,"['Berel Underwood', 'Xu Feng (ghoul)']",Jean Baptiste Tavernier,https://whitewolf.fandom.com/wiki/Jean_Baptiste_Tavernier
36,Ventrue,5th,Flavius Belisarius,https://whitewolf.fandom.com/wiki/Flavius_Belisarius,"['Helena the Armenian', 'Anadja (11th century)']",Antonius,https://whitewolf.fandom.com/wiki/Antonius_(Constantinople)
37,Ventrue,8th,Benedic,https://whitewolf.fandom.com/wiki/Benedic,,Charlemagne,https://whitewolf.fandom.com/wiki/Charlemagne_(VTM)
38,Ventrue,8th,Benjamin (Ventrue),https://whitewolf.fandom.com/wiki/Benjamin_(Ventrue),August Riley (ghoul),Eleanor Johnston Hodge,https://whitewolf.fandom.com/wiki/Eleanor_Johnston_Hodge
39,Ventrue,6th,Bindusara,https://whitewolf.fandom.com/wiki/Bindusara,"Valerius (1066 CE)
Daffyd ap Bindusara",unknown,
40,Ventrue,Unknown,Mary Anne Blaire,https://whitewolf.fandom.com/wiki/Mary_Anne_Blaire,,,
41,Ventrue,"['8th (originally)', '7th (first diablerie)', '6th (through diablerie)']",Anne Bowesley,https://whitewolf.fandom.com/wiki/Anne_Bowesley,,Valerius,https://whitewolf.fandom.com/wiki/Valerius
42,Ventrue,8th,Rudolf Brandl,https://whitewolf.fandom.com/wiki/Rudolf_Brandl,Horst de Novara,Hredel,https://whitewolf.fandom.com/wiki/Hredel
43,Ventrue,"['6th (originally)', '5th (through diablerie)']",Gustav Breidenstein,https://whitewolf.fandom.com/wiki/Gustav_Breidenstein,"['Wilhelm Waldburg (1440)', 'Katarina Kornfeld (1507)', 'Peter Kleist (1757)']",Ilse Reinegger,https://whitewolf.fandom.com/wiki/Ilse_Reinegger
44,Ventrue antitribu,6th,Dylan Bruce,https://whitewolf.fandom.com/wiki/Dylan_Bruce,,Gotsdam,https://whitewolf.fandom.com/wiki/Gotsdam
45,Ventrue,,Sydney Buckingham,https://whitewolf.fandom.com/wiki/Sydney_Buckingham,,,
46,Ventrue,,Buckston,https://whitewolf.fandom.com/wiki/Buckston,Juniper,,
47,Ventrue,,Bulvia,https://whitewolf.fandom.com/wiki/Bulvia,Einhard (777 AD),,
48,Ventrue,5th,Caius,https://whitewolf.fandom.com/wiki/Caius,Epirus (604 CE),Antonius,https://whitewolf.fandom.com/wiki/Antonius_(Constantinople)
49,Ventrue (Free Ventrue),10th,Douglas Callihan,https://whitewolf.fandom.com/wiki/Douglas_Callihan,,Thomas Albee,https://whitewolf.fandom.com/wiki/Thomas_Albee
50,Ventrue,"6th (originally)
5th (by diablerie)",Camilla,https://whitewolf.fandom.com/wiki/Camilla,Tiberius Carnifex,Collat,https://whitewolf.fandom.com/wiki/Collat
51,Ventrue,8th,Al Capone,https://whitewolf.fandom.com/wiki/Al_Capone,"['Jack McGurn', 'Frank Gaughan (1952)', 'Nickolas White (1971)', 'Pham Hong (1978)', 'Eddie Wu (1998)']",Lodin,https://whitewolf.fandom.com/wiki/Lodin
52,Ventrue,,Erlantz Cardiel,https://whitewolf.fandom.com/wiki/Erlantz_Cardiel,,Hazel Iversen,https://whitewolf.fandom.com/wiki/Hazel_Iversen
53,Ventrue,possibly 7th or 8th,Antonio Cardona,https://whitewolf.fandom.com/wiki/Antonio_Cardona,"['Mustafa', 'Nicholas Romero']",,
54,Ventrue,7th,Thomas Carlyle,https://whitewolf.fandom.com/wiki/Thomas_Carlyle,Dorian Adams (1701),,
55,Ventrue,possibly 9th[1],Emily Carson,https://whitewolf.fandom.com/wiki/Emily_Carson,,,
56,Ventrue,unknown,Thaddeus Carter,https://whitewolf.fandom.com/wiki/Thaddeus_Carter,,unknown,
57,Ventrue,7th,David Case,https://whitewolf.fandom.com/wiki/David_Case,Edward Walker (1866),,
58,Ventrue,8th,Cashmere,https://whitewolf.fandom.com/wiki/Cashmere,,,
59,Ventrue,5th,Gaius Cassius,https://whitewolf.fandom.com/wiki/Gaius_Cassius,Lucius Trebius Rufus (79 CE),,
60,Ventrue,possibly 6th,Johannes Castelein,https://whitewolf.fandom.com/wiki/Johannes_Castelein,,,
61,Ventrue,,Miles Cavendish,https://whitewolf.fandom.com/wiki/Miles_Cavendish,,,
62,Ventrue,5th,Julian Cerialis,https://whitewolf.fandom.com/wiki/Julian_Cerialis,"['Dorian', 'Thrand', 'John de York (1070)']",The Prince of Eboracum,https://whitewolf.fandom.com/wiki/Prince_of_Eboracum
63,Ventrue,7th,Lady Chandler,https://whitewolf.fandom.com/wiki/Lady_Chandler,,Unknown,
64,Ventrue,9th,Karen Chartry,https://whitewolf.fandom.com/wiki/Karen_Chartry,,Contillio,https://whitewolf.fandom.com/wiki/Contillio
65,Ventrue,7th,Franklin Chase,https://whitewolf.fandom.com/wiki/Franklin_Chase,,Sabert,https://whitewolf.fandom.com/wiki/Sabert
66,Ventrue,possibly 8th or 9th,Alice Chen,https://whitewolf.fandom.com/wiki/Alice_Chen,,,
67,Ventrue,8th,Chiclena,https://whitewolf.fandom.com/wiki/Chiclena,Numerous,Hrothulf,https://whitewolf.fandom.com/wiki/Hrothulf
68,Ventrue,unknown,Ryong Choi,https://whitewolf.fandom.com/wiki/Ryong_Choi,,,
69,Ventrue,9th,Christopher (Ventrue),https://whitewolf.fandom.com/wiki/Christopher_(Ventrue),,Marcel Guilbeau,https://whitewolf.fandom.com/wiki/Marcel_Guilbeau
70,Ventrue,10th,Scarlett Churchill,https://whitewolf.fandom.com/wiki/Scarlett_Churchill,,,
71,Ventrue,5th,Collat,https://whitewolf.fandom.com/wiki/Collat,Camilla (4th century BCE),Tinia,https://whitewolf.fandom.com/wiki/Tinia
72,Ventrue,7th,Collinsworth,https://whitewolf.fandom.com/wiki/Collinsworth,Kyle Strathcona (1514),,
73,Ventrue,7th,Anna Comnena,https://whitewolf.fandom.com/wiki/Anna_Comnena,Irene Stellas,Ducas,https://whitewolf.fandom.com/wiki/Ducas
74,Ventrue,unknown,Condor,https://whitewolf.fandom.com/wiki/Condor,,,
75,Ventrue,9th,Constance de Lusignan,https://whitewolf.fandom.com/wiki/Constance_de_Lusignan,,,
76,Ventrue,7th,Lothar Constantine,https://whitewolf.fandom.com/wiki/Lothar_Constantine,"['Jereaux Guilbeau', 'Marcel Guilbeau (1866)']",,
77,Ventrue,7th,Stalest Coursain,https://whitewolf.fandom.com/wiki/Stalest_Coursain,,,
78,Ventrue,5th,Cretheus,https://whitewolf.fandom.com/wiki/Cretheus,Hilderic,Mithras,https://whitewolf.fandom.com/wiki/Mithras_(VTM)
79,Ventrue,unknown,JJ Campbell,https://whitewolf.fandom.com/wiki/JJ_Campbell,,,
80,Ventrue,7th,Quincy Cullen,https://whitewolf.fandom.com/wiki/Quincy_Cullen,Vannevar Thomas (1776),,
81,Ventrue,unknown,Cyprian,https://whitewolf.fandom.com/wiki/Cyprian,,,
82,Ventrue,"['7th (originally)', '6th (through diablerie)']",Saviarre d'Auvergne,https://whitewolf.fandom.com/wiki/Saviarre_d%27Auvergne,Suanhilde la Pourpre,Titus Gaius (Labienus),https://whitewolf.fandom.com/wiki/Titus_Gaius
83,Ventrue,7th,Gilbert d’Harfleur,https://whitewolf.fandom.com/wiki/Gilbert_d%E2%80%99Harfleur,,Lady Justania,https://whitewolf.fandom.com/wiki/Lady_Justania
84,Ventrue,10th,Jean-Marc d'Martinique,https://whitewolf.fandom.com/wiki/Jean-Marc_d%27Martinique,,Kay of Shrewsbury,
85,Ventrue,7th,Daffyd ap Bindusara,https://whitewolf.fandom.com/wiki/Daffyd_ap_Bindusara,,Bindusara,https://whitewolf.fandom.com/wiki/Bindusara
86,Ventrue,9th,Darius,https://whitewolf.fandom.com/wiki/Darius,,Kevin Jackson,https://whitewolf.fandom.com/wiki/Kevin_Jackson
87,Ventrue,6th,Datura,https://whitewolf.fandom.com/wiki/Datura,Lodin (1852 CE),Unknown,
88,Ventrue antitribu,9th,Vincent Day,https://whitewolf.fandom.com/wiki/Vincent_Day,,Leander Phipps,https://whitewolf.fandom.com/wiki/Leander_Phipps
89,Ventrue,,Nathan Van de Brook,https://whitewolf.fandom.com/wiki/Nathan_Van_de_Brook,,,
90,Ventrue antitribu,8th,Bruce de Guy,https://whitewolf.fandom.com/wiki/Bruce_de_Guy,,Unknown,
91,Ventrue,8th,Eon de l'Etoile,https://whitewolf.fandom.com/wiki/Eon_de_l%27Etoile,,Guillaume de Porhoët,https://whitewolf.fandom.com/wiki/Guillaume_de_Porhoet_(VTM)
92,Ventrue antitribu,10th,Louis de Maisonneuve,https://whitewolf.fandom.com/wiki/Louis_de_Maisonneuve,Marie-Hélène Dutoit (1970),,
93,Ventrue,8th,Aimery de Methuin,https://whitewolf.fandom.com/wiki/Aimery_de_Methuin,,Olivier,https://whitewolf.fandom.com/wiki/Olivier
94,Ventrue,9th,Horst de Novara,https://whitewolf.fandom.com/wiki/Horst_de_Novara,,Rudolf Brandl,https://whitewolf.fandom.com/wiki/Rudolf_Brandl
95,Ventrue,7th,Guillaume de Porhoët,https://whitewolf.fandom.com/wiki/Guillaume_de_Porho%C3%ABt,Eon de l'Etoile,,
96,Ventrue,9th,Evelyn de Rocherre,https://whitewolf.fandom.com/wiki/Evelyn_de_Rocherre,,unknown,
97,Ventrue,unknown,Liseult de Taine,https://whitewolf.fandom.com/wiki/Liseult_de_Taine,,,
98,Ventrue,8th,Mathilde de Tourdonnet,https://whitewolf.fandom.com/wiki/Mathilde_de_Tourdonnet,Hassan Shadid,One of Hardestadt's childer,https://whitewolf.fandom.com/wiki/Hardestadt_the_Younger
99,Ventrue,?,Savio de Verona,https://whitewolf.fandom.com/wiki/Savio_de_Verona,,Unknown,
100,Ventrue,8th,Isarn de Voisins,https://whitewolf.fandom.com/wiki/Isarn_de_Voisins,,,
101,Ventrue,6th,John de York,https://whitewolf.fandom.com/wiki/John_de_York,,Julian Cerialis,https://whitewolf.fandom.com/wiki/Julian_Cerialis
102,Ventrue,5th,Demetrius (Ventrue),https://whitewolf.fandom.com/wiki/Demetrius_(Ventrue),Numerous,Alexander,https://whitewolf.fandom.com/wiki/Alexander_(Ventrue)
103,Ventrue,,Democritus,https://whitewolf.fandom.com/wiki/Democritus,,,
104,Ventrue,12th,Karina Dobson,https://whitewolf.fandom.com/wiki/Karina_Dobson,,Gino Manitelli,https://whitewolf.fandom.com/wiki/Gino_Manitelli
105,Ventrue,5th,Septima Dominica,https://whitewolf.fandom.com/wiki/Septima_Dominica,"['Nicepherus (604 CE)', 'Ducas (836 CE)']",Antonius,https://whitewolf.fandom.com/wiki/Antonius_(Constantinople)
106,Ventrue,7th,Donal,https://whitewolf.fandom.com/wiki/Donal,Reginald Moore (1840),,
107,Ventrue,6th,Doran,https://whitewolf.fandom.com/wiki/Doran,,Gaius Marcellus,https://whitewolf.fandom.com/wiki/Gaius_Marcellus
108,Ventrue,6th,Dorian,https://whitewolf.fandom.com/wiki/Dorian,A few,Julian Cerialis,https://whitewolf.fandom.com/wiki/Julian_Cerialis
109,Ventrue,possibly 7th to 9th,Alexa Draper,https://whitewolf.fandom.com/wiki/Alexa_Draper,,,
110,Ventrue,11th,Cleo Drummond,https://whitewolf.fandom.com/wiki/Cleo_Drummond,Several,,
111,Ventrue,8th,Edgar Drummond,https://whitewolf.fandom.com/wiki/Edgar_Drummond,"['Walter Nash', 'Felicia Parker']",Lodin,https://whitewolf.fandom.com/wiki/Lodin
112,Ventrue antitribu,10th,Catherine du Bois,https://whitewolf.fandom.com/wiki/Catherine_du_Bois,,Louis Fortier,https://whitewolf.fandom.com/wiki/Louis_Fortier
113,Ventrue,5th,Geoffrey du Temple,https://whitewolf.fandom.com/wiki/Geoffrey_du_Temple,Hugues de Clairvaux (Destroyed),Alexander,https://whitewolf.fandom.com/wiki/Alexander
114,Ventrue,6th,Ducas,https://whitewolf.fandom.com/wiki/Ducas,Anna Comnena (1153),Septima Dominica,https://whitewolf.fandom.com/wiki/Septima_Dominica
115,Ventrue,,Camille Duchesne,https://whitewolf.fandom.com/wiki/Camille_Duchesne,,,
116,Ventrue,5th,Duchess of Amber,https://whitewolf.fandom.com/wiki/Duchess_of_Amber,Thomas St. Maur,Mithras,https://whitewolf.fandom.com/wiki/Mithras_(VTM)
117,Ventrue,,Duke Leopold,https://whitewolf.fandom.com/wiki/Duke_Leopold,,,
118,Ventrue,5th,Duke of Amber,https://whitewolf.fandom.com/wiki/Duke_of_Amber,Thomas St. Maur,Mithras,https://whitewolf.fandom.com/wiki/Mithras_(VTM)
119,Ventrue,,Adeline Durand,https://whitewolf.fandom.com/wiki/Adeline_Durand,,,
120,Ventrue antitribu,11th,Marie-Hélène Dutoit,https://whitewolf.fandom.com/wiki/Marie-H%C3%A9l%C3%A8ne_Dutoit,Evelyn Marlowe (1995),Louis de Maisonneuve,https://whitewolf.fandom.com/wiki/Louis_de_Maisonneuve
121,Ventrue,,Valerie Duval,https://whitewolf.fandom.com/wiki/Valerie_Duval,,,
122,Ventrue,6th,Ebles the Crusader,https://whitewolf.fandom.com/wiki/Ebles_the_Crusader,Léto,Gaius Marcellus,https://whitewolf.fandom.com/wiki/Gaius_Marcellus
123,Ventrue,4th,Erik Eigermann,https://whitewolf.fandom.com/wiki/Erik_Eigermann,"['Hardestadt the Elder', 'Ilse Reinegger', 'Numerous']",Ventrue Antediluvian,https://whitewolf.fandom.com/wiki/Ventrue_Antediluvian
124,Ventrue,,Einhard,https://whitewolf.fandom.com/wiki/Einhard,,Bulvia,https://whitewolf.fandom.com/wiki/Bulvia
125,Ventrue,Unknown,Ursula Eisenstadt,https://whitewolf.fandom.com/wiki/Ursula_Eisenstadt,,Unknown Ventrue,
126,Ventrue,unknown,Elaheh,https://whitewolf.fandom.com/wiki/Elaheh,,,
127,Ventrue,5th,Elihu,https://whitewolf.fandom.com/wiki/Elihu,Rebekah,Nefer-meri-Isis,https://whitewolf.fandom.com/wiki/Nefer-meri-Isis
128,Ventrue,,Em (Ventrue),https://whitewolf.fandom.com/wiki/Em_(Ventrue),,Markus,https://whitewolf.fandom.com/wiki/Markus_(Prague)
129,Ventrue,unknown,Enguerrand,https://whitewolf.fandom.com/wiki/Enguerrand,Numerous,Unknown,
130,Ventrue,6th,Epirus,https://whitewolf.fandom.com/wiki/Epirus,,Caius,https://whitewolf.fandom.com/wiki/Caius
131,Ventrue,Unknown,Enrique Escovedra,https://whitewolf.fandom.com/wiki/Enrique_Escovedra,,Unknown,
132,Ventrue Ghoul,,Jon D. Evans,https://whitewolf.fandom.com/wiki/Jon_D._Evans,,Isabella Balboa Garcia Mendes,https://whitewolf.fandom.com/wiki/Isabella_Balboa_Garcia_Mendes
133,Ventrue,unknown,Evarchus,https://whitewolf.fandom.com/wiki/Evarchus,,,
134,Ventrue,5th,Gaius Fabricius,https://whitewolf.fandom.com/wiki/Gaius_Fabricius,Titus Gaius,Medon,https://whitewolf.fandom.com/wiki/Medon
135,Ventrue,,Falk of Maastricht,https://whitewolf.fandom.com/wiki/Falk_of_Maastricht,,Unknown,
136,Ventrue,12th,Xu Feng,https://whitewolf.fandom.com/wiki/Xu_Feng,,Berel Underwood,https://whitewolf.fandom.com/wiki/Berel_Underwood
137,Ventrue,,Fiona,https://whitewolf.fandom.com/wiki/Fiona,,,
138,Ventrue,unknown,Fletcher (Ventrue),https://whitewolf.fandom.com/wiki/Fletcher_(Ventrue),,,
139,Ventrue (Antitribu),10th,Zachary Forge,https://whitewolf.fandom.com/wiki/Zachary_Forge,,Jefferson Foster,https://whitewolf.fandom.com/wiki/Jefferson_Foster
140,Ventrue,9th,Louis Fortier,https://whitewolf.fandom.com/wiki/Louis_Fortier,"['Catherine du Bois (1910)', 'Elena Gutierrez (1975)']",Night Star,https://whitewolf.fandom.com/wiki/Night_Star
141,Ventrue antitribu,9th,Jefferson Foster,https://whitewolf.fandom.com/wiki/Jefferson_Foster,Zachary Forge,Edward Neally,https://whitewolf.fandom.com/wiki/Edward_Neally
142,Ventrue antitribu,6th,Frazier,https://whitewolf.fandom.com/wiki/Frazier,,,
143,Ventrue,6th,Titus Gaius,https://whitewolf.fandom.com/wiki/Titus_Gaius,Saviarre d'Auvergne (41 CE),Gaius Fabricius,https://whitewolf.fandom.com/wiki/Gaius_Fabricius
144,Ventrue,,Erasmos Gallister,https://whitewolf.fandom.com/wiki/Erasmos_Gallister,,,
145,Ventrue,,Jorge Manuel da Gama,https://whitewolf.fandom.com/wiki/Jorge_Manuel_da_Gama,,,
146,Ventrue,,Terence Gardener,https://whitewolf.fandom.com/wiki/Terence_Gardener,,,
147,Ventrue,9th,Frank Gaughan,https://whitewolf.fandom.com/wiki/Frank_Gaughan,,Al Capone,https://whitewolf.fandom.com/wiki/Al_Capone
148,Ventrue,unknown,Geoffrey of Calais,https://whitewolf.fandom.com/wiki/Geoffrey_of_Calais,,,
149,Ventrue,5th,Geraint,https://whitewolf.fandom.com/wiki/Geraint,Rhodry,Mithras,https://whitewolf.fandom.com/wiki/Mithras_(VTM)
150,Ventrue,,Giacomo Borgonovo,https://whitewolf.fandom.com/wiki/Giacomo_Borgonovo,,,
151,Ventrue,7th,Giselher,https://whitewolf.fandom.com/wiki/Giselher,,Agrippa,https://whitewolf.fandom.com/wiki/Agrippa
152,Ventrue,6th,Gnaeus,https://whitewolf.fandom.com/wiki/Gnaeus,Junius (152 BCE),,
153,Ventrue,13th,Go Yu-ri,https://whitewolf.fandom.com/wiki/Go_Yu-ri,,Unknown,
154,Ventrue,,Godefroy,https://whitewolf.fandom.com/wiki/Godefroy,,,
155,,8th,Harold Goodston,https://whitewolf.fandom.com/wiki/Harold_Goodston,,Oliver Ligon,https://whitewolf.fandom.com/wiki/Oliver_Ligon
156,Ventrue,5th,Gotsdam,https://whitewolf.fandom.com/wiki/Gotsdam,"Dylan Bruce (1944)
Several",Tiamat,https://whitewolf.fandom.com/wiki/Tiamat_(VTM)
157,Ventrue,unknown,Lou Graham,https://whitewolf.fandom.com/wiki/Lou_Graham,,,
158,Ventrue,unknown,Victoria Grant,https://whitewolf.fandom.com/wiki/Victoria_Grant,,,
159,Ventrue,6th,Gregor,https://whitewolf.fandom.com/wiki/Gregor,Nova Árpád (1050 CE),,
160,Ventrue Ghoul,,Guido,https://whitewolf.fandom.com/wiki/Guido,,Gino Manitelli,https://whitewolf.fandom.com/wiki/Gino_Manitelli
161,Ventrue,8th,Jereaux Guilbeau,https://whitewolf.fandom.com/wiki/Jereaux_Guilbeau,,Lothar Constantine,https://whitewolf.fandom.com/wiki/Lothar_Constantine
162,Ventrue,8th,Marcel Guilbeau,https://whitewolf.fandom.com/wiki/Marcel_Guilbeau,"['Christopher (1985)', 'Anthony (1986)']",Lothar Constantine,https://whitewolf.fandom.com/wiki/Lothar_Constantine
163,Ventrue antitribu (Free Ventrue),10th,Elena Gutierrez,https://whitewolf.fandom.com/wiki/Elena_Gutierrez,,Louis Fortier,https://whitewolf.fandom.com/wiki/Louis_Fortier
164,Ventrue,,Guy de Provence,https://whitewolf.fandom.com/wiki/Guy_de_Provence,,,
165,Ventrue,5th,Hardestadt the Elder,https://whitewolf.fandom.com/wiki/Hardestadt_the_Elder,"['Rosenkratz the Elder', 'Heinz Eulau', 'Jürgen von Verden (989)', 'Hardestadt the Younger (1191)']",Erik Eigermann,https://whitewolf.fandom.com/wiki/Erik_Eigermann
166,Ventrue,6th (see Generation below),Hardestadt the Younger,https://whitewolf.fandom.com/wiki/Hardestadt_the_Younger,"Jan Pieterzoon (1723)
Possibly more",Hardestadt the Elder,https://whitewolf.fandom.com/wiki/Hardestadt_the_Elder
167,Ventrue,,Harold the Bearded,https://whitewolf.fandom.com/wiki/Harold_the_Bearded,,,
168,Ventrue,12th,Fred Hartmann,https://whitewolf.fandom.com/wiki/Fred_Hartmann,,,
169,Ventrue,5th,Heinrich of Volstag,https://whitewolf.fandom.com/wiki/Heinrich_of_Volstag,Bulscu,"""Unknown""",
170,Ventrue,6th,Helena the Armenian,https://whitewolf.fandom.com/wiki/Helena_the_Armenian,,Flavius Belisarius,https://whitewolf.fandom.com/wiki/Flavius_Belisarius
171,Ventrue,,Herbert,https://whitewolf.fandom.com/wiki/Herbert,,,
0,Ventrue,6th,Hilderic,https://whitewolf.fandom.com/wiki/Hilderic,,Cretheus,https://whitewolf.fandom.com/wiki/Cretheus
1,Ventrue,,Martin Hilkers,https://whitewolf.fandom.com/wiki/Martin_Hilkers,,,
2,Ventrue (Free Ventrue),8th,Tommy Hinds,https://whitewolf.fandom.com/wiki/Tommy_Hinds,,Lodin,https://whitewolf.fandom.com/wiki/Lodin
3,Ventrue,10th,Mary-Jane Hollingsworth,https://whitewolf.fandom.com/wiki/Mary-Jane_Hollingsworth,,Lady Augustine Vermont,
4,Ventrue,6th,Hoteph,https://whitewolf.fandom.com/wiki/Hoteph,,,
5,Ventrue,7th,Hredel,https://whitewolf.fandom.com/wiki/Hredel,Rudolf Brandl (899),,
6,Ventrue,"['8th (originally)', '7th (through diablerie)']",Hrothulf,https://whitewolf.fandom.com/wiki/Hrothulf,Chiclena,Marius,https://whitewolf.fandom.com/wiki/Marius_(Ventrue)
7,Ventrue,12th,Chao-Yang ‘Marco’ Hu,https://whitewolf.fandom.com/wiki/Chao-Yang_%E2%80%98Marco%E2%80%99_Hu,,Maurizio Folonari,
8,Ventrue,,Hugh (Ventrue),https://whitewolf.fandom.com/wiki/Hugh_(Ventrue),,,
9,Ventrue,6th,Hugues de Clairvaux,https://whitewolf.fandom.com/wiki/Hugues_de_Clairvaux,,Geoffrey du Temple,https://whitewolf.fandom.com/wiki/Geoffrey_du_Temple
10,Ventrue,8th,Penelope Huxley,https://whitewolf.fandom.com/wiki/Penelope_Huxley,,Nathaniel Summerton,https://whitewolf.fandom.com/wiki/Nathaniel_Summerton
11,Ventrue Ghoul,,Igor (Ghoul),https://whitewolf.fandom.com/wiki/Igor_(Ghoul),,,
12,Ventrue,7th,Charlotte Ingraham,https://whitewolf.fandom.com/wiki/Charlotte_Ingraham,Sara Anne Winder (1688),,
13,Ventrue,10th,Hazel Iversen,https://whitewolf.fandom.com/wiki/Hazel_Iversen,"['Erlantz Cardiel (1991)', 'Miley Sellers']",Nathan Appleton,https://whitewolf.fandom.com/wiki/Nathan_Appleton
14,Ventrue,8th,Kevin Jackson,https://whitewolf.fandom.com/wiki/Kevin_Jackson,"['Darius', 'Medgar', 'Langston', 'Zora']",Lodin,https://whitewolf.fandom.com/wiki/Lodin
15,Ventrue,9th,Langston Jackson,https://whitewolf.fandom.com/wiki/Langston_Jackson,,Kevin Jackson,https://whitewolf.fandom.com/wiki/Kevin_Jackson
16,Ventrue,9th,Medgar Jackson,https://whitewolf.fandom.com/wiki/Medgar_Jackson,,Kevin Jackson,https://whitewolf.fandom.com/wiki/Kevin_Jackson
17,Ventrue,9th,Zora Jackson,https://whitewolf.fandom.com/wiki/Zora_Jackson,,Kevin Jackson,https://whitewolf.fandom.com/wiki/Kevin_Jackson
18,Ventrue,6th,James (Ventrue),https://whitewolf.fandom.com/wiki/James_(Ventrue),Joseph Wellesley (1777),,
19,Ventrue,,Casper Johnson,https://whitewolf.fandom.com/wiki/Casper_Johnson,,Matthias Van Dorn,https://whitewolf.fandom.com/wiki/Matthias_Van_Dorn
20,Ventrue,7th,Eleanor Johnston Hodge,https://whitewolf.fandom.com/wiki/Eleanor_Johnston_Hodge,Benjamin,Baylor,https://whitewolf.fandom.com/wiki/Baylor
21,Ventrue,,Josephine,https://whitewolf.fandom.com/wiki/Josephine,,,
22,Ventrue,6th,Judicael de Ponent,https://whitewolf.fandom.com/wiki/Judicael_de_Ponent,,Gaius Marcellus,https://whitewolf.fandom.com/wiki/Gaius_Marcellus
23,Ventrue (Free Ventrue),?,Juniper,https://whitewolf.fandom.com/wiki/Juniper,,Buckston,https://whitewolf.fandom.com/wiki/Buckston
24,Ventrue,7th,Junius,https://whitewolf.fandom.com/wiki/Junius,,Gnaeus,https://whitewolf.fandom.com/wiki/Gnaeus
25,Ventrue,6th,Lady Justania,https://whitewolf.fandom.com/wiki/Lady_Justania,Gilbert d’Harfleur,unknown,
26,Ventrue,6th,Jürgen,https://whitewolf.fandom.com/wiki/J%C3%BCrgen,"['Václav', 'Favst']",Hardestadt the Elder,https://whitewolf.fandom.com/wiki/Hardestadt_the_Elder
27,Ventrue,unknown,Kazi,https://whitewolf.fandom.com/wiki/Kazi,,Count Orsi,https://whitewolf.fandom.com/wiki/Count_Orsi
28,Ventrue,12th or 13th,Khalida,https://whitewolf.fandom.com/wiki/Khalida,,James Rafferty,https://whitewolf.fandom.com/wiki/James_Rafferty
29,Ventrue,10th,Eleanor Kingston,https://whitewolf.fandom.com/wiki/Eleanor_Kingston,Eric Sharpe,Alan Sovereign,https://whitewolf.fandom.com/wiki/Alan_Sovereign
30,Ventrue,6th,Peter Kleist,https://whitewolf.fandom.com/wiki/Peter_Kleist,,Gustav Breidenstein,https://whitewolf.fandom.com/wiki/Gustav_Breidenstein
31,Ventrue,9th,Sophia Komnenou,https://whitewolf.fandom.com/wiki/Sophia_Komnenou,The Caitiff (player determinant),Suleiman,https://whitewolf.fandom.com/wiki/Suleiman_(Prince)
32,Ventrue,6th,Katarina Kornfeld,https://whitewolf.fandom.com/wiki/Katarina_Kornfeld,,Gustav Breidenstein,https://whitewolf.fandom.com/wiki/Gustav_Breidenstein
33,Ventrue,9th,Elena Kowalski,https://whitewolf.fandom.com/wiki/Elena_Kowalski,,Gretel von Flemming,
34,Ventrue,,Robert Kross,https://whitewolf.fandom.com/wiki/Robert_Kross,Juan-Miguel Ramirez,,
35,Ventrue,8th,Kuritz,https://whitewolf.fandom.com/wiki/Kuritz,Lucretia von Hardtz (1098 CE),,
36,Ventrue,8th (estimation),Sebastian LaCroix,https://whitewolf.fandom.com/wiki/Sebastian_LaCroix,,Unknown,
37,Ventrue,8th,Janet Latimer,https://whitewolf.fandom.com/wiki/Janet_Latimer,,Charles Shawlands,https://whitewolf.fandom.com/wiki/Charles_Shawlands
38,Ventrue,11th,Viola Legrange,https://whitewolf.fandom.com/wiki/Viola_Legrange,,,
39,Ventrue,7th,Leufruy of Provence,https://whitewolf.fandom.com/wiki/Leufruy_of_Provence,,Lucius Trebius Rufus,https://whitewolf.fandom.com/wiki/Lucius_Trebius_Rufus
40,Ventrue,7th,Oliver Ligon,https://whitewolf.fandom.com/wiki/Oliver_Ligon,Harold Goodston (1860),Unknown,
41,Ventrue,,Liraz,https://whitewolf.fandom.com/wiki/Liraz,,,
42,Ventrue,"['7th (by diablerie)', '8th (originally)']",Livia da Ravenna,https://whitewolf.fandom.com/wiki/Livia_da_Ravenna,,Aristophokles,https://whitewolf.fandom.com/wiki/Aristophokles
43,Venture,9th,Amelia Locke,https://whitewolf.fandom.com/wiki/Amelia_Locke,Tatyana Makarova,Joseph Peterson,https://whitewolf.fandom.com/wiki/Joseph_Peterson
44,Ventrue antitribu,13th,Rico Loco,https://whitewolf.fandom.com/wiki/Rico_Loco,,Rosa-Maria Obregón,
45,Ventrue,7th,Lodin,https://whitewolf.fandom.com/wiki/Lodin,"['Edgar Drummond (1865)', 'Horatio Ballard (1881)', 'Edward Neally (1896)', 'Tommy Hinds (1906)', 'Al Capone (1941)', 'Joseph Peterson (1978)', 'Jacob Schumpeter (1981)', 'Kevin Jackson (1984)', 'Bobby Weatherbottom (1984)', 'Brennon Thornhill (1985)', 'Lorraine Matthew (1987)', '70s Ghouls\nRoarke (1908)\nAmber (1969)\nDerek (1969)\nJulian Curry (1969)\nNatasha (1969)', 'Roarke (1908)', 'Amber (1969)', 'Derek (1969)', 'Julian Curry (1969)', 'Natasha (1969)']",Datura,https://whitewolf.fandom.com/wiki/Datura
46,Ventrue,6th,Lucinde,https://whitewolf.fandom.com/wiki/Lucinde,Few/Several,Severus,https://whitewolf.fandom.com/wiki/Severus_(VTM)
47,Ventrue,,Julian Luna,https://whitewolf.fandom.com/wiki/Julian_Luna,"['Sonny Toussaint', 'Alexandra Serris']",Archon Raine,https://whitewolf.fandom.com/wiki/Archon_Raine
48,Ventrue,6th,Lyle,https://whitewolf.fandom.com/wiki/Lyle,,unknown,
49,Ventrue,5th,Lysander (VTM),https://whitewolf.fandom.com/wiki/Lysander_(VTM),Numerous,Artemis Orthia,https://whitewolf.fandom.com/wiki/Artemis_Orthia
50,Ventrue,7th,Léto,https://whitewolf.fandom.com/wiki/L%C3%A9to,,"['Ebles le Croisé', 'Quentin de Senlis (adopted)']",https://whitewolf.fandom.com/wiki/Ebles_le_Crois%C3%A9
51,Ventrue,9th,Iain MacLaren,https://whitewolf.fandom.com/wiki/Iain_MacLaren,,Unknown,
52,Ventrue,possibly 8th or 9th,Madison (Ventrue),https://whitewolf.fandom.com/wiki/Madison_(Ventrue),,,
53,Ventrue,,Vivian Maier,https://whitewolf.fandom.com/wiki/Vivian_Maier,,Unknown,
54,Ventrue,10th,Tatyana Makarova,https://whitewolf.fandom.com/wiki/Tatyana_Makarova,,Amelia Locke,https://whitewolf.fandom.com/wiki/Amelia_Locke
55,Ventrue,,Beth Malcolm,https://whitewolf.fandom.com/wiki/Beth_Malcolm,,,
56,Ventrue antitribu,5th (Likely through diablerie),Gustav Mallenhous,https://whitewolf.fandom.com/wiki/Gustav_Mallenhous,Likely many,Unknown,
57,Ventrue,5th,Maltheas,https://whitewolf.fandom.com/wiki/Maltheas,,Veddhartha,https://whitewolf.fandom.com/wiki/Veddhartha
58,Ventrue,11th,Gino Manitelli,https://whitewolf.fandom.com/wiki/Gino_Manitelli,Karina Dobson,Mary Singer,https://whitewolf.fandom.com/wiki/Mary_Singer
59,Ventrue,9th,James Mannerly,https://whitewolf.fandom.com/wiki/James_Mannerly,,Thomas,https://whitewolf.fandom.com/wiki/Thomas_(Ventrue)
60,Ventrue,possibly 9th,Hamid Mansour,https://whitewolf.fandom.com/wiki/Hamid_Mansour,,,
61,Ventrue,,Marbuena,https://whitewolf.fandom.com/wiki/Marbuena,,,
62,Ventrue,5th,Gaius Marcellus,https://whitewolf.fandom.com/wiki/Gaius_Marcellus,"['Ebles le Croisé (1100 CE)', 'Judicael de Ponent', 'Doran (1471)']",Alexander,https://whitewolf.fandom.com/wiki/Alexander_(Ventrue)
63,Ventrue,10th,Eloise Marchand,https://whitewolf.fandom.com/wiki/Eloise_Marchand,,"['Harris Beauchamp', 'John of York (adopted)']",https://whitewolf.fandom.com/wiki/John_de_York
64,Ventrue,7th,Marius (Ventrue),https://whitewolf.fandom.com/wiki/Marius_(Ventrue),"['Hrothulf (380 CE)', 'Gracis Nostinus (412 CE)']",,
65,Ventrue,,Markus (Prague),https://whitewolf.fandom.com/wiki/Markus_(Prague),Em,,
66,Ventrue antitribu,12th,Evelyn Marlowe,https://whitewolf.fandom.com/wiki/Evelyn_Marlowe,,Marie-Hélène Dutoit,https://whitewolf.fandom.com/wiki/Marie-H%C3%A9l%C3%A8ne_Dutoit
67,Ventrue,8th,Cyril Masters,https://whitewolf.fandom.com/wiki/Cyril_Masters,,Valerius,https://whitewolf.fandom.com/wiki/Valerius
68,Ventrue,8th,Lorraine Matthew,https://whitewolf.fandom.com/wiki/Lorraine_Matthew,,Lodin,https://whitewolf.fandom.com/wiki/Lodin
69,Ventrue,7th,Helen Matthews (Ventrue),https://whitewolf.fandom.com/wiki/Helen_Matthews_(Ventrue),,Jefferson McIntyre,
70,Ventrue,9th,Rory McAndrew,https://whitewolf.fandom.com/wiki/Rory_McAndrew,,Alfred Wainwright,https://whitewolf.fandom.com/wiki/Alfred_Wainwright
71,Ventrue,9th,Leon White,https://whitewolf.fandom.com/wiki/Leon_White#Overview,,T.J. McMillan,
72,Ventrue,4th,Medon,https://whitewolf.fandom.com/wiki/Medon,"Gaius Fabricius
Several",Ventrue Antediluvian,https://whitewolf.fandom.com/wiki/Ventrue_Antediluvian
73,Ventrue,8th,Isabella Balboa Garcia Mendes,https://whitewolf.fandom.com/wiki/Isabella_Balboa_Garcia_Mendes,,,
74,Ventrue,8th,Terence Merik,https://whitewolf.fandom.com/wiki/Terence_Merik,,Unknown Countess,
75,Ventrue,7th,Michaela,https://whitewolf.fandom.com/wiki/Michaela,"['Hellene Panhard (1938)', 'Tabitha Bauer[1]', 'Edwin Mitchell[2]']",Unknown,
76,Ventrue,5th,Michaelis,https://whitewolf.fandom.com/wiki/Michaelis,,Unknown,
77,Ventrue antitribu,unknown,Laszlo Mirac,https://whitewolf.fandom.com/wiki/Laszlo_Mirac,,,
78,Ventrue,4th (possibly through diablerie),Mithras (VTM),https://whitewolf.fandom.com/wiki/Mithras_(VTM),"['Cretheus (c. 430 BCE)', 'Marcus Verus (192 CE)', 'Duke of Amber (701 CE)', 'Duchess of Amber (701 CE)', 'Geraint']",Veddartha or the Ventrue Antediluvian,https://whitewolf.fandom.com/wiki/Veddartha
79,Ventrue,11th,Catherine Montague,https://whitewolf.fandom.com/wiki/Catherine_Montague,,,
80,Ventrue,8th,Reginald Moore,https://whitewolf.fandom.com/wiki/Reginald_Moore,,Donal,https://whitewolf.fandom.com/wiki/Donal
81,Ventrue,unknown,Shaykhe Muhammad,https://whitewolf.fandom.com/wiki/Shaykhe_Muhammad,,,
82,Ventrue,possibly 8th or 9th,Mustafa,https://whitewolf.fandom.com/wiki/Mustafa,,possibly Antonio Cardona,https://whitewolf.fandom.com/wiki/Antonio_Cardona
83,Ventrue,7th,Nasch,https://whitewolf.fandom.com/wiki/Nasch,,Palamon,
84,Ventrue,9th,Walter Nash,https://whitewolf.fandom.com/wiki/Walter_Nash,,Edgar Drummond,https://whitewolf.fandom.com/wiki/Edgar_Drummond
85,Ventrue,7th,Nastasio,https://whitewolf.fandom.com/wiki/Nastasio,,Henri Beaucaire,
86,Ventrue,8th,Edward Neally,https://whitewolf.fandom.com/wiki/Edward_Neally,"['Becky', 'Jefferson Foster']",Lodin,https://whitewolf.fandom.com/wiki/Lodin
87,Ventrue,4th,Nefer-meri-Isis,https://whitewolf.fandom.com/wiki/Nefer-meri-Isis,"['Elihu', 'Numerous']",Ventrue Antediluvian,https://whitewolf.fandom.com/wiki/Ventrue_Antediluvian
88,Ventrue,9th,Don Cristian de Leon Negro,https://whitewolf.fandom.com/wiki/Don_Cristian_de_Leon_Negro,Jesus Ramirez (1843),,
89,Ventrue,Unknown,Theoderic Neves,https://whitewolf.fandom.com/wiki/Theoderic_Neves,,,
90,Ventrue,6th,Nicepherus,https://whitewolf.fandom.com/wiki/Nicepherus,Lyseros,Septima Dominica,https://whitewolf.fandom.com/wiki/Septima_Dominica
91,Ventrue,unknown,Nickolai (Ventrue),https://whitewolf.fandom.com/wiki/Nickolai_(Ventrue),,,
92,Ventrue,8th,Night Star,https://whitewolf.fandom.com/wiki/Night_Star,Louis Fortier,Unknown,
93,Ventrue,8th,Gracis Nostinus,https://whitewolf.fandom.com/wiki/Gracis_Nostinus,,Marius,https://whitewolf.fandom.com/wiki/Marius_(Ventrue)
94,Ventrue antitribu,7th,Joseph O'Grady,https://whitewolf.fandom.com/wiki/Joseph_O%27Grady,,Angel Shaunessy,
95,Ventrue,,Olderic,https://whitewolf.fandom.com/wiki/Olderic,,,
96,Ventrue,11th,Elin Olivecrona,https://whitewolf.fandom.com/wiki/Elin_Olivecrona,The Courier (player dependent),,
97,Ventrue,7th,Olivier,https://whitewolf.fandom.com/wiki/Olivier,"['Aimery de Methuin', 'Simon of Whitby']",,
98,Ventrue,5th,Olivier (Alexander's childe),https://whitewolf.fandom.com/wiki/Olivier_(Alexander%27s_childe),,Alexander,https://whitewolf.fandom.com/wiki/Alexander_(Ventrue)
99,Ventrue,unknown,Orsi,https://whitewolf.fandom.com/wiki/Orsi,"['Kazi', 'Teta', 'Zil']",,
100,Ventrue,4th,Artemis Orthia,https://whitewolf.fandom.com/wiki/Artemis_Orthia,['Lysander (395 BCE)'],Ventrue Antediluvian,https://whitewolf.fandom.com/wiki/Ventrue_Antediluvian
101,Ventrue antitribu,"5th (blood curse trilogy, he was an advisor of Prince Benison)",Owain,https://whitewolf.fandom.com/wiki/Owain,,unknown,
102,Ventrue,8th,Hellene Panhard,https://whitewolf.fandom.com/wiki/Hellene_Panhard,,Michaela,https://whitewolf.fandom.com/wiki/Michaela
103,Ventrue,9th,Daniel Parker,https://whitewolf.fandom.com/wiki/Daniel_Parker,,Robert Parkhurst,
104,Ventrue,unknown,Parma,https://whitewolf.fandom.com/wiki/Parma,,,
105,Ventrue,,Addison Payne,https://whitewolf.fandom.com/wiki/Addison_Payne,,,
106,Ventrue,7th,Robert Pedder,https://whitewolf.fandom.com/wiki/Robert_Pedder,"['Kelvin Wee (1907)', ""Camille T'sien (1922)""]",unknown,
107,Ventrue,8th,Joseph Peterson,https://whitewolf.fandom.com/wiki/Joseph_Peterson,Amelia Locke,Lodin,https://whitewolf.fandom.com/wiki/Lodin
108,Ventrue,unknown,Phaedyme (Ventrue),https://whitewolf.fandom.com/wiki/Phaedyme_(Ventrue),,,
109,Ventrue,9th,Pham Hong,https://whitewolf.fandom.com/wiki/Pham_Hong,,Al Capone,https://whitewolf.fandom.com/wiki/Al_Capone
110,Ventrue,8th,Leander Phipps,https://whitewolf.fandom.com/wiki/Leander_Phipps,Vincent Day (1327),,
111,Ventrue,7th,Jan Pieterzoon,https://whitewolf.fandom.com/wiki/Jan_Pieterzoon,,Hardestadt the Younger,https://whitewolf.fandom.com/wiki/Hardestadt_the_Younger
112,Ventrue,unknown,Portia (Ventrue),https://whitewolf.fandom.com/wiki/Portia_(Ventrue),,,
113,Ventrue,4th,Prince of Eboracum,https://whitewolf.fandom.com/wiki/Prince_of_Eboracum,Julian Cerialis (2nd century),Ventrue Antediluvian,https://whitewolf.fandom.com/wiki/Ventrue_Antediluvian
114,Ventrue,Likely 11th or 12th,James Rafferty,https://whitewolf.fandom.com/wiki/James_Rafferty,"['Fuego Walker', 'Khalida']",,
115,Ventrue,6th,Ragnar,https://whitewolf.fandom.com/wiki/Ragnar,Wolfram of Stolberg (760),,
116,Ventrue (El Hijazi),unknown,Abdul Rahmann,https://whitewolf.fandom.com/wiki/Abdul_Rahmann,"['Shaykhe Muhammad', 'Bandar']",,
117,Ventrue,,Archon Raine,https://whitewolf.fandom.com/wiki/Archon_Raine,Julian Luna,,
118,Ventrue,10th,Jesus Ramirez,https://whitewolf.fandom.com/wiki/Jesus_Ramirez,,Don Cristian de Leon Negro,https://whitewolf.fandom.com/wiki/Don_Cristian_de_Leon_Negro
119,Ventrue antitribu,10th,Randel,https://whitewolf.fandom.com/wiki/Randel,,Salondra,
120,Ventrue,10th,Ilyana Ravidovich,https://whitewolf.fandom.com/wiki/Ilyana_Ravidovich,,Unknown,
121,Ventrue,"['6th (originally)', '5th (through diablerie)']",Rebekah (Ventrue),https://whitewolf.fandom.com/wiki/Rebekah_(Ventrue),,Elihu,https://whitewolf.fandom.com/wiki/Elihu
122,Ventrue,unknown,Redford,https://whitewolf.fandom.com/wiki/Redford,Charles Vane (1721),,
123,Ventrue,6th,Regulus,https://whitewolf.fandom.com/wiki/Regulus,Siegfried,,
124,Ventrue,5th,Ilse Reinegger,https://whitewolf.fandom.com/wiki/Ilse_Reinegger,Gustav Breidenstein (1220),Erik Eigermann,https://whitewolf.fandom.com/wiki/Erik_Eigermann
125,Ventrue,6th,Rhodry,https://whitewolf.fandom.com/wiki/Rhodry,,Geraint,https://whitewolf.fandom.com/wiki/Geraint
126,Ventrue,7th,Vencel Rikard,https://whitewolf.fandom.com/wiki/Vencel_Rikard,,Bulscu,https://whitewolf.fandom.com/wiki/Bulscu
127,Ventrue,,Roland (Ventrue),https://whitewolf.fandom.com/wiki/Roland_(Ventrue),,,
128,Ventrue,unknown,Rory of Kerry,https://whitewolf.fandom.com/wiki/Rory_of_Kerry,,,
129,Ventrue,6th,Rosenkrantz the Elder,https://whitewolf.fandom.com/wiki/Rosenkrantz_the_Elder,Rosenkratz the Younger,Hardestadt the Elder,https://whitewolf.fandom.com/wiki/Hardestadt_the_Elder
130,Ventrue,7th,Rosenkratz the Younger,https://whitewolf.fandom.com/wiki/Rosenkratz_the_Younger,,Rosenkratz the Elder,https://whitewolf.fandom.com/wiki/Rosenkratz_the_Elder
131,Ventrue,8th,Upton Rowlands,https://whitewolf.fandom.com/wiki/Upton_Rowlands,"Maddox Samuels
Tasha",Georgia Rowlands,https://whitewolf.fandom.com/wiki/Georgia_Rowlands
132,Ventrue,6th,Lucius Trebius Rufus,https://whitewolf.fandom.com/wiki/Lucius_Trebius_Rufus,"Leufruy of Provence
Vicelin of Marseilles",Gaius Cassius,https://whitewolf.fandom.com/wiki/Gaius_Cassius
133,Ventrue,7th,Terrence Rusk,https://whitewolf.fandom.com/wiki/Terrence_Rusk,,Peter Kleist,https://whitewolf.fandom.com/wiki/Peter_Kleist
134,Ventrue,6th,Sabert,https://whitewolf.fandom.com/wiki/Sabert,"['Franklin Chase', 'Nathaniel Summerton']",,
135,Ventrue antitribu,13th,Samson (Ventrue),https://whitewolf.fandom.com/wiki/Samson_(Ventrue),,Jerry,
136,Ventrue,9th,Maddox Samuels,https://whitewolf.fandom.com/wiki/Maddox_Samuels,,Upton Rowlands,https://whitewolf.fandom.com/wiki/Upton_Rowlands
137,Ventrue,,Agnethe Sannstre,https://whitewolf.fandom.com/wiki/Agnethe_Sannstre,,,
138,Ventrue,8th,Fiorenza Savona,https://whitewolf.fandom.com/wiki/Fiorenza_Savona,,Unknown,
139,Ventrue,8th,Jacob Schumpeter,https://whitewolf.fandom.com/wiki/Jacob_Schumpeter,,Lodin,https://whitewolf.fandom.com/wiki/Lodin
140,Ventrue,6th,Giuliana Scoruzzo de Cima,https://whitewolf.fandom.com/wiki/Giuliana_Scoruzzo_de_Cima,,Unknown,
141,Ventrue,11th,Miley Sellers,https://whitewolf.fandom.com/wiki/Miley_Sellers,,Hazel Iversen,https://whitewolf.fandom.com/wiki/Hazel_Iversen
142,Ventrue,8th,Andrew Seneca,https://whitewolf.fandom.com/wiki/Andrew_Seneca,,Monica San Valentin,
143,Ventrue,,Alexandra Serris,https://whitewolf.fandom.com/wiki/Alexandra_Serris,,Julian Luna,https://whitewolf.fandom.com/wiki/Julian_Luna
144,Ventrue,9th,Hassan Shadid,https://whitewolf.fandom.com/wiki/Hassan_Shadid,,,
145,Ventrue,11th,Eric Sharpe,https://whitewolf.fandom.com/wiki/Eric_Sharpe,,Eleanor Kingston,https://whitewolf.fandom.com/wiki/Eleanor_Kingston
146,Ventrue,7th,Charles Shawlands,https://whitewolf.fandom.com/wiki/Charles_Shawlands,Janet Latimer,,
147,Ventrue,,Flavius Sidonius,https://whitewolf.fandom.com/wiki/Flavius_Sidonius,,,
148,Ventrue,"['7th (originally)', '6th (through diablerie)']",Siegfried,https://whitewolf.fandom.com/wiki/Siegfried,,Regulus,https://whitewolf.fandom.com/wiki/Regulus
149,Ventrue,8th,Simon of Whitby,https://whitewolf.fandom.com/wiki/Simon_of_Whitby,,Olivier,https://whitewolf.fandom.com/wiki/Olivier
150,Ventrue,10th,Mary Singer,https://whitewolf.fandom.com/wiki/Mary_Singer,Gino Manitelli (1932),,
151,Ventrue,unknown,Jerek Slobodny,https://whitewolf.fandom.com/wiki/Jerek_Slobodny,,,
152,Ventrue,8th?,Roald Snakeeyes,https://whitewolf.fandom.com/wiki/Roald_Snakeeyes,Thomas de Cherbourg (ghoul),,
153,Ventrue,9th,Alan Sovereign,https://whitewolf.fandom.com/wiki/Alan_Sovereign,"['Eleanor Kingston', 'Milena Aronyan']",Horatio Ballard,https://whitewolf.fandom.com/wiki/Horatio_Ballard
154,possibly Ventrue or Ghoul,,Spencer,https://whitewolf.fandom.com/wiki/Spencer,,Matthias Van Dorn,https://whitewolf.fandom.com/wiki/Matthias_Van_Dorn
155,Ventrue,6th,Thomas St. Maur,https://whitewolf.fandom.com/wiki/Thomas_St._Maur,,the Duke or the Duchess,https://whitewolf.fandom.com/wiki/Duke_of_Amber
156,Ventrue antitribu,9th,Mariel St. John,https://whitewolf.fandom.com/wiki/Mariel_St._John,,Phillipe Navital,
157,Ventrue,5th,Stephen (Ventrue),https://whitewolf.fandom.com/wiki/Stephen_(Ventrue),,,
158,Ventrue,"['13th (originally)', '12th (through diablerie)']",Naomi Stewart,https://whitewolf.fandom.com/wiki/Naomi_Stewart,,Emelian Marculescu,
159,Ventrue Ghoul,,Cliff Stiles,https://whitewolf.fandom.com/wiki/Cliff_Stiles,,Isabella Balboa Garcia Mendes,https://whitewolf.fandom.com/wiki/Isabella_Balboa_Garcia_Mendes
160,Ventrue,7th,Wolfram von Stolberg,https://whitewolf.fandom.com/wiki/Wolfram_von_Stolberg,,Ragnar,https://whitewolf.fandom.com/wiki/Ragnar
161,Ventrue antitribu,8th,Kyle Strathcona,https://whitewolf.fandom.com/wiki/Kyle_Strathcona,,Collinsworth,https://whitewolf.fandom.com/wiki/Collinsworth
162,Lasombra or Ventrue,8th,Mireia Subira,https://whitewolf.fandom.com/wiki/Mireia_Subira,,Ramon Vera,https://whitewolf.fandom.com/wiki/Ramon_Vera
163,Ventrue,8th,Suleiman (Prince),https://whitewolf.fandom.com/wiki/Suleiman_(Prince),Sophia Komnenou,,
164,Ventrue,7th,Nathaniel Summerton,https://whitewolf.fandom.com/wiki/Nathaniel_Summerton,Penelope Huxley,Sabert,https://whitewolf.fandom.com/wiki/Sabert
165,Ventrue,8th,Camille T'sien,https://whitewolf.fandom.com/wiki/Camille_T%27sien,,Robert Pedder,https://whitewolf.fandom.com/wiki/Robert_Pedder
166,Ventrue,9th,Jean-Baptiste Tavernier,https://whitewolf.fandom.com/wiki/Jean-Baptiste_Tavernier,Galeb Bazory (1745),Unknown Ventrue,
167,Ventrue (Free Ventrue),unknown,Victor Temple,https://whitewolf.fandom.com/wiki/Victor_Temple,,,
168,Ventrue,unknown,Teta,https://whitewolf.fandom.com/wiki/Teta,,Count Orsi,https://whitewolf.fandom.com/wiki/Count_Orsi
169,Ventrue,,Thatchet,https://whitewolf.fandom.com/wiki/Thatchet,Terrence Hill (Ghoul),,
170,Ventrue,8th,Thomas (Ventrue),https://whitewolf.fandom.com/wiki/Thomas_(Ventrue),James Mannerly (1178),,
171,Ventrue,8th,Vannevar Thomas,https://whitewolf.fandom.com/wiki/Vannevar_Thomas,"['Swede', 'Margaret', 'Leland Stanford Jr.', 'Donna Cambridge']",Quincy Cullen,https://whitewolf.fandom.com/wiki/Quincy_Cullen
172,Ventrue,8th,Brennon Thornhill,https://whitewolf.fandom.com/wiki/Brennon_Thornhill,,Lodin,https://whitewolf.fandom.com/wiki/Lodin
173,Ventrue,6th,Thrand,https://whitewolf.fandom.com/wiki/Thrand,Katla Thranddottir,Julian Cerialis,https://whitewolf.fandom.com/wiki/Julian_Cerialis
174,Ventrue,7th,Katla Thranddottir,https://whitewolf.fandom.com/wiki/Katla_Thranddottir,,Thrand,https://whitewolf.fandom.com/wiki/Thrand
0,Ventrue,13th,Stephen Thunderhorse,https://whitewolf.fandom.com/wiki/Stephen_Thunderhorse,,,
1,Ventrue,"['5th (originally)', '4th (through diablerie)']",Tiamat (VTM),https://whitewolf.fandom.com/wiki/Tiamat_(VTM),"Gotsdam
Several/Numerous",Arakur of Ur,https://whitewolf.fandom.com/wiki/Arakur_of_Ur
2,Ventrue,4th,Tinia,https://whitewolf.fandom.com/wiki/Tinia,"['Julia Antasia (480 BCE)', 'Valerianus', 'Collat']",Ventrue Antediluvian,https://whitewolf.fandom.com/wiki/Ventrue_Antediluvian
3,Ventrue,7th,Titus,https://whitewolf.fandom.com/wiki/Titus,Dominique Touraine,,
4,Ventrue antitribu,8th,Dominique Touraine,https://whitewolf.fandom.com/wiki/Dominique_Touraine,,Titus,https://whitewolf.fandom.com/wiki/Titus
5,Ventrue,,Sonny Toussaint,https://whitewolf.fandom.com/wiki/Sonny_Toussaint,,Julian Luna,https://whitewolf.fandom.com/wiki/Julian_Luna
6,Ventrue,unknown,Trance,https://whitewolf.fandom.com/wiki/Trance,,,
7,Ventrue,5th,Fabrizio Ulfila,https://whitewolf.fandom.com/wiki/Fabrizio_Ulfila,,Unknown,
8,Ventrue,11th,Berel Underwood,https://whitewolf.fandom.com/wiki/Berel_Underwood,"['Jason Moore (ghoul)', 'William Havemeyer (ghoul)']",Galeb,https://whitewolf.fandom.com/wiki/Galeb
9,Ventrue,5th,Valerianus,https://whitewolf.fandom.com/wiki/Valerianus,Konrad von Babenberg,Tinia,https://whitewolf.fandom.com/wiki/Tinia
10,Ventrue,7th,Valerius,https://whitewolf.fandom.com/wiki/Valerius,"['Anne Bowesley (1688)', 'Cyril Masters (1849)']",Bindusara,https://whitewolf.fandom.com/wiki/Bindusara
11,Ventrue,unknown,Matthias Van Dorn,https://whitewolf.fandom.com/wiki/Matthias_Van_Dorn,"['Casper Johnson (1990s)', 'Spencer (possibly ghoul)']",,
12,Ventrue,9th,Jochen Van Nuys,https://whitewolf.fandom.com/wiki/Jochen_Van_Nuys,,Irving Boldger,https://whitewolf.fandom.com/wiki/Irving_Boldger
13,Ventrue,,Charles Vane,https://whitewolf.fandom.com/wiki/Charles_Vane,,Redford,https://whitewolf.fandom.com/wiki/Redford
14,Ventrue,Possibly 4th/5th,Vardek,https://whitewolf.fandom.com/wiki/Vardek,,Unknown,
15,Ventrue or Tzimisce,10th,Robert Vasile,https://whitewolf.fandom.com/wiki/Robert_Vasile,,,
16,Ventrue,4th,Veddartha,https://whitewolf.fandom.com/wiki/Veddartha,"['Balthazar', 'Mithras (1258 BCE)', 'Maltheas (554 CE)', 'Clan Danava']",Ventrue Antediluvian,https://whitewolf.fandom.com/wiki/Ventrue_Antediluvian
17,"Ventrue the ""Kingship Clan""",3rd,Ventrue Antediluvian,https://whitewolf.fandom.com/wiki/Ventrue_Antediluvian,"['Arakur Possibly post Second City', 'Artemis Orthia Possibly post Second City', 'Medon Possibly post Second City', 'Nefer-meri-Isis Possibly post Second City', 'Veddartha before 1258 BCE', 'Mithras (presumably) 1258 BCE', 'Alexander before 700 BCE', 'Antonius before 600 BCE', 'Erik Eigermann before 600 BCE', 'Tinia before 480 BCE', 'The Prince of Eboracum']",Irad or Enoch,https://whitewolf.fandom.com/wiki/Irad
18,Lasombra or Ventrue,7th,Ramon Vera,https://whitewolf.fandom.com/wiki/Ramon_Vera,Mireia Subira,,
19,Ventrue (later antitribu),5th,Marcus Verus,https://whitewolf.fandom.com/wiki/Marcus_Verus,"['Arcadius Augustus', 'Phoebe']",Mithras,https://whitewolf.fandom.com/wiki/Mithras_(VTM)
20,Ventrue,7th,Vicelin of Marseilles,https://whitewolf.fandom.com/wiki/Vicelin_of_Marseilles,,Lucius Trebius Rufus,https://whitewolf.fandom.com/wiki/Lucius_Trebius_Rufus
21,Lasombra antitribu,5th,Marcus Vitel,https://whitewolf.fandom.com/wiki/Marcus_Vitel,"['His ""daughters""\nMonica Black (1970)\nMisery (1962)[1]', 'Monica Black (1970)', 'Misery (1962)[1]']",Sybil,https://whitewolf.fandom.com/wiki/Sybil
22,Ventrue,unknown,Volusianus l'Apostolique,https://whitewolf.fandom.com/wiki/Volusianus_l%27Apostolique,,,
23,Ventrue,unknown,Konrad von Aupfholm,https://whitewolf.fandom.com/wiki/Konrad_von_Aupfholm,,,
24,Ventrue,6th,Konrad von Babenberg,https://whitewolf.fandom.com/wiki/Konrad_von_Babenberg,,Valerianus,https://whitewolf.fandom.com/wiki/Valerianus
25,Ventrue antitribu,9th,Lucretia von Hardtz,https://whitewolf.fandom.com/wiki/Lucretia_von_Hardtz,Renaud,Kuritz,https://whitewolf.fandom.com/wiki/Kuritz
26,Ventrue,10th,Ignaz August von Kral,https://whitewolf.fandom.com/wiki/Ignaz_August_von_Kral,,Mr. F. Haas,
27,Ventrue,8th,Lanzo von Sachsen,https://whitewolf.fandom.com/wiki/Lanzo_von_Sachsen,,Guntramus,
28,Ventrue,possibly 7th,Arjan Voorheis,https://whitewolf.fandom.com/wiki/Arjan_Voorheis,,Johannes Castelein,https://whitewolf.fandom.com/wiki/Johannes_Castelein
29,Ventrue,8th,Alfred Wainwright,https://whitewolf.fandom.com/wiki/Alfred_Wainwright,Rory McAndrew (1618),,
30,Ventrue,possibly 7th to 9th,Weirich Waldburg,https://whitewolf.fandom.com/wiki/Weirich_Waldburg,,,
31,Ventrue,6th,Wilhelm Waldburg,https://whitewolf.fandom.com/wiki/Wilhelm_Waldburg,Henriette,Gustav Breidenstein,https://whitewolf.fandom.com/wiki/Gustav_Breidenstein
32,Ventrue,8th,Edward Walker,https://whitewolf.fandom.com/wiki/Edward_Walker,,David Case,https://whitewolf.fandom.com/wiki/David_Case
33,Ventrue,Likely 12th or 13th,Fuego Walker,https://whitewolf.fandom.com/wiki/Fuego_Walker,,James Rafferty,https://whitewolf.fandom.com/wiki/James_Rafferty
34,Ventrue,10th,Henry Waters,https://whitewolf.fandom.com/wiki/Henry_Waters,,Edward Vignes,
35,Ventrue,8th,Bobby Weatherbottom,https://whitewolf.fandom.com/wiki/Bobby_Weatherbottom,,Lodin,https://whitewolf.fandom.com/wiki/Lodin
36,Ventrue,8th,Kelvin Wee,https://whitewolf.fandom.com/wiki/Kelvin_Wee,,Robert Pedder,https://whitewolf.fandom.com/wiki/Robert_Pedder
37,Ventrue,7th,Joseph Wellesley,https://whitewolf.fandom.com/wiki/Joseph_Wellesley,,Lord James,https://whitewolf.fandom.com/wiki/James_(Ventrue)
38,Ventrue,9th,Leon White,https://whitewolf.fandom.com/wiki/Leon_White,,T.J. McMillan,
39,Ventrue,8th,Sara Anne Winder,https://whitewolf.fandom.com/wiki/Sara_Anne_Winder,,Charlotte Ingraham,https://whitewolf.fandom.com/wiki/Charlotte_Ingraham
40,Ventrue,9th,Eddie Wu,https://whitewolf.fandom.com/wiki/Eddie_Wu,,Al Capone,https://whitewolf.fandom.com/wiki/Al_Capone
41,Ventrue,12th,Zhou Guang,https://whitewolf.fandom.com/wiki/Zhou_Guang,,Lector Claridge,
42,Ventrue,unknown,Zil,https://whitewolf.fandom.com/wiki/Zil,,Count Orsi,https://whitewolf.fandom.com/wiki/Count_Orsi
43,Ventrue,6th,Bulscu Árpad,https://whitewolf.fandom.com/wiki/Bulscu_%C3%81rpad,"['Zombar Árpad', 'Geza Árpad (997)', 'Vencel Rikard (1013)']",Heinrich of Volstag,https://whitewolf.fandom.com/wiki/Heinrich_of_Volstag
44,Ventrue,7th,Geza Árpad,https://whitewolf.fandom.com/wiki/Geza_%C3%81rpad,,Bulscu Árpad,https://whitewolf.fandom.com/wiki/Bulscu_%C3%81rpad
45,Ventrue,7th,Zombar Árpad,https://whitewolf.fandom.com/wiki/Zombar_%C3%81rpad,,Bulscu Árpad,https://whitewolf.fandom.com/wiki/Bulscu_%C3%81rpad
46,Ventrue,7th,Nova Árpád,https://whitewolf.fandom.com/wiki/Nova_%C3%81rp%C3%A1d,Gustavus (1806),Gregor,https://whitewolf.fandom.com/wiki/Gregor
